Value,Format,Metric,Year
,CD,Units,1973
,CD Single,Units,1973
15,Cassette,Units,1973
,Cassette Single,Units,1973
280,LP/EP,Units,1973
228,Vinyl Single,Units,1973
91,8 - Track,Units,1973
2.2,Other Tapes,Units,1973
,Music Video (Physical),Units,1973
,DVD Audio,Units,1973
,SACD,Units,1973
,Download Single,Units,1973
,Download Album,Units,1973
,Kiosk,Units,1973
,Download Music Video,Units,1973
,Ringtones & Ringbacks,Units,1973
,,Units,1973
,Paid Subscriptions,Units,1973
,CD,Value,1973
,CD Single,Value,1973
76,Cassette,Value,1973
,Cassette Single,Value,1973
1246,LP/EP,Value,1973
190,Vinyl Single,Value,1973
489,8 - Track,Value,1973
15.6,Other Tapes,Value,1973
,Music Video (Physical),Value,1973
,DVD Audio,Value,1973
,SACD,Value,1973
,Download Single,Value,1973
,Download Album,Value,1973
,Kiosk,Value,1973
,Download Music Video,Value,1973
,Ringtones & Ringbacks,Value,1973
,Other Digital,Value,1973
,Paid Subscription,Value,1973
,Limited Tier Paid Subscription,Value,1973
,SoundExchange Distributions,Value,1973
,On-Demand Streaming (Ad-Supported),Value,1973
,Other Ad-Supported Streaming,Value,1973
,Synchronization,Value,1973
,CD,Value (Adjusted),1973
,CD Single,Value (Adjusted),1973
419.5747748,Cassette,Value (Adjusted),1973
,Cassette Single,Value (Adjusted),1973
6878.818018,LP/EP,Value (Adjusted),1973
1048.936937,Vinyl Single,Value (Adjusted),1973
2699.632432,8 - Track,Value (Adjusted),1973
86.12324324,Other Tapes,Value (Adjusted),1973
,Music Video (Physical),Value (Adjusted),1973
,DVD Audio,Value (Adjusted),1973
,SACD,Value (Adjusted),1973
,Download Single,Value (Adjusted),1973
,Download Album,Value (Adjusted),1973
,Kiosk,Value (Adjusted),1973
,Download Music Video,Value (Adjusted),1973
,Ringtones & Ringbacks,Value (Adjusted),1973
,Other Digital,Value (Adjusted),1973
,Paid Subscription,Value (Adjusted),1973
,Limited Tier Paid Subscription,Value (Adjusted),1973
,SoundExchange Distributions,Value (Adjusted),1973
,On-Demand Streaming (Ad-Supported),Value (Adjusted),1973
,Other Ad-Supported Streaming,Value (Adjusted),1973
,Synchronization,Value (Adjusted),1973
,CD,Units,1974
,CD Single,Units,1974
15.3,Cassette,Units,1974
,Cassette Single,Units,1974
276,LP/EP,Units,1974
204,Vinyl Single,Units,1974
96.7,8 - Track,Units,1974
1.9,Other Tapes,Units,1974
,Music Video (Physical),Units,1974
,DVD Audio,Units,1974
,SACD,Units,1974
,Download Single,Units,1974
,Download Album,Units,1974
,Kiosk,Units,1974
,Download Music Video,Units,1974
,Ringtones & Ringbacks,Units,1974
,,Units,1974
,Paid Subscriptions,Units,1974
,CD,Value,1974
,CD Single,Value,1974
87.2,Cassette,Value,1974
,Cassette Single,Value,1974
1356,LP/EP,Value,1974
194,Vinyl Single,Value,1974
549.2,8 - Track,Value,1974
13.3,Other Tapes,Value,1974
,Music Video (Physical),Value,1974
,DVD Audio,Value,1974
,SACD,Value,1974
,Download Single,Value,1974
,Download Album,Value,1974
,Kiosk,Value,1974
,Download Music Video,Value,1974
,Ringtones & Ringbacks,Value,1974
,Other Digital,Value,1974
,Paid Subscription,Value,1974
,Limited Tier Paid Subscription,Value,1974
,SoundExchange Distributions,Value,1974
,On-Demand Streaming (Ad-Supported),Value,1974
,Other Ad-Supported Streaming,Value,1974
,Synchronization,Value,1974
,CD,Value (Adjusted),1974
,CD Single,Value (Adjusted),1974
433.5591075,Cassette,Value (Adjusted),1974
,Cassette Single,Value (Adjusted),1974
6742.043002,LP/EP,Value (Adjusted),1974
964.569574,Vinyl Single,Value (Adjusted),1974
2730.626856,8 - Track,Value (Adjusted),1974
66.12770791,Other Tapes,Value (Adjusted),1974
,Music Video (Physical),Value (Adjusted),1974
,DVD Audio,Value (Adjusted),1974
,SACD,Value (Adjusted),1974
,Download Single,Value (Adjusted),1974
,Download Album,Value (Adjusted),1974
,Kiosk,Value (Adjusted),1974
,Download Music Video,Value (Adjusted),1974
,Ringtones & Ringbacks,Value (Adjusted),1974
,Other Digital,Value (Adjusted),1974
,Paid Subscription,Value (Adjusted),1974
,Limited Tier Paid Subscription,Value (Adjusted),1974
,SoundExchange Distributions,Value (Adjusted),1974
,On-Demand Streaming (Ad-Supported),Value (Adjusted),1974
,Other Ad-Supported Streaming,Value (Adjusted),1974
,Synchronization,Value (Adjusted),1974
,CD,Units,1975
,CD Single,Units,1975
16.2,Cassette,Units,1975
,Cassette Single,Units,1975
257,LP/EP,Units,1975
164,Vinyl Single,Units,1975
94.6,8 - Track,Units,1975
1.5,Other Tapes,Units,1975
,Music Video (Physical),Units,1975
,DVD Audio,Units,1975
,SACD,Units,1975
,Download Single,Units,1975
,Download Album,Units,1975
,Kiosk,Units,1975
,Download Music Video,Units,1975
,Ringtones & Ringbacks,Units,1975
,,Units,1975
,Paid Subscriptions,Units,1975
,CD,Value,1975
,CD Single,Value,1975
98.8,Cassette,Value,1975
,Cassette Single,Value,1975
1485,LP/EP,Value,1975
211.5,Vinyl Single,Value,1975
583,8 - Track,Value,1975
10.2,Other Tapes,Value,1975
,Music Video (Physical),Value,1975
,DVD Audio,Value,1975
,SACD,Value,1975
,Download Single,Value,1975
,Download Album,Value,1975
,Kiosk,Value,1975
,Download Music Video,Value,1975
,Ringtones & Ringbacks,Value,1975
,Other Digital,Value,1975
,Paid Subscription,Value,1975
,Limited Tier Paid Subscription,Value,1975
,SoundExchange Distributions,Value,1975
,On-Demand Streaming (Ad-Supported),Value,1975
,Other Ad-Supported Streaming,Value,1975
,Synchronization,Value,1975
,CD,Value (Adjusted),1975
,CD Single,Value (Adjusted),1975
450.1460223,Cassette,Value (Adjusted),1975
,Cassette Single,Value (Adjusted),1975
6765.858736,LP/EP,Value (Adjusted),1975
963.6223048,Vinyl Single,Value (Adjusted),1975
2656.226022,8 - Track,Value (Adjusted),1975
46.47256506,Other Tapes,Value (Adjusted),1975
,Music Video (Physical),Value (Adjusted),1975
,DVD Audio,Value (Adjusted),1975
,SACD,Value (Adjusted),1975
,Download Single,Value (Adjusted),1975
,Download Album,Value (Adjusted),1975
,Kiosk,Value (Adjusted),1975
,Download Music Video,Value (Adjusted),1975
,Ringtones & Ringbacks,Value (Adjusted),1975
,Other Digital,Value (Adjusted),1975
,Paid Subscription,Value (Adjusted),1975
,Limited Tier Paid Subscription,Value (Adjusted),1975
,SoundExchange Distributions,Value (Adjusted),1975
,On-Demand Streaming (Ad-Supported),Value (Adjusted),1975
,Other Ad-Supported Streaming,Value (Adjusted),1975
,Synchronization,Value (Adjusted),1975
,CD,Units,1976
,CD Single,Units,1976
21.8,Cassette,Units,1976
,Cassette Single,Units,1976
273,LP/EP,Units,1976
190,Vinyl Single,Units,1976
106.1,8 - Track,Units,1976
0.7,Other Tapes,Units,1976
,Music Video (Physical),Units,1976
,DVD Audio,Units,1976
,SACD,Units,1976
,Download Single,Units,1976
,Download Album,Units,1976
,Kiosk,Units,1976
,Download Music Video,Units,1976
,Ringtones & Ringbacks,Units,1976
,,Units,1976
,Paid Subscriptions,Units,1976
,CD,Value,1976
,CD Single,Value,1976
145.7,Cassette,Value,1976
,Cassette Single,Value,1976
1663,LP/EP,Value,1976
245.1,Vinyl Single,Value,1976
678.2,8 - Track,Value,1976
5.1,Other Tapes,Value,1976
,Music Video (Physical),Value,1976
,DVD Audio,Value,1976
,SACD,Value,1976
,Download Single,Value,1976
,Download Album,Value,1976
,Kiosk,Value,1976
,Download Music Video,Value,1976
,Ringtones & Ringbacks,Value,1976
,Other Digital,Value,1976
,Paid Subscription,Value,1976
,Limited Tier Paid Subscription,Value,1976
,SoundExchange Distributions,Value,1976
,On-Demand Streaming (Ad-Supported),Value,1976
,Other Ad-Supported Streaming,Value,1976
,Synchronization,Value,1976
,CD,Value (Adjusted),1976
,CD Single,Value (Adjusted),1976
627.6622847,Cassette,Value (Adjusted),1976
,Cassette Single,Value (Adjusted),1976
7164.052021,LP/EP,Value (Adjusted),1976
1055.868401,Vinyl Single,Value (Adjusted),1976
2921.62362,8 - Track,Value (Adjusted),1976
21.97033392,Other Tapes,Value (Adjusted),1976
,Music Video (Physical),Value (Adjusted),1976
,DVD Audio,Value (Adjusted),1976
,SACD,Value (Adjusted),1976
,Download Single,Value (Adjusted),1976
,Download Album,Value (Adjusted),1976
,Kiosk,Value (Adjusted),1976
,Download Music Video,Value (Adjusted),1976
,Ringtones & Ringbacks,Value (Adjusted),1976
,Other Digital,Value (Adjusted),1976
,Paid Subscription,Value (Adjusted),1976
,Limited Tier Paid Subscription,Value (Adjusted),1976
,SoundExchange Distributions,Value (Adjusted),1976
,On-Demand Streaming (Ad-Supported),Value (Adjusted),1976
,Other Ad-Supported Streaming,Value (Adjusted),1976
,Synchronization,Value (Adjusted),1976
,CD,Units,1977
,CD Single,Units,1977
36.9,Cassette,Units,1977
,Cassette Single,Units,1977
344,LP/EP,Units,1977
190,Vinyl Single,Units,1977
127.3,8 - Track,Units,1977
,Other Tapes,Units,1977
,Music Video (Physical),Units,1977
,DVD Audio,Units,1977
,SACD,Units,1977
,Download Single,Units,1977
,Download Album,Units,1977
,Kiosk,Units,1977
,Download Music Video,Units,1977
,Ringtones & Ringbacks,Units,1977
,,Units,1977
,Paid Subscriptions,Units,1977
,CD,Value,1977
,CD Single,Value,1977
249.6,Cassette,Value,1977
,Cassette Single,Value,1977
2195.1,LP/EP,Value,1977
245.1,Vinyl Single,Value,1977
811,8 - Track,Value,1977
,Other Tapes,Value,1977
,Music Video (Physical),Value,1977
,DVD Audio,Value,1977
,SACD,Value,1977
,Download Single,Value,1977
,Download Album,Value,1977
,Kiosk,Value,1977
,Download Music Video,Value,1977
,Ringtones & Ringbacks,Value,1977
,Other Digital,Value,1977
,Paid Subscription,Value,1977
,Limited Tier Paid Subscription,Value,1977
,SoundExchange Distributions,Value,1977
,On-Demand Streaming (Ad-Supported),Value,1977
,Other Ad-Supported Streaming,Value,1977
,Synchronization,Value,1977
,CD,Value (Adjusted),1977
,CD Single,Value (Adjusted),1977
1009.603168,Cassette,Value (Adjusted),1977
,Cassette Single,Value (Adjusted),1977
8878.925941,LP/EP,Value (Adjusted),1977
991.4011881,Vinyl Single,Value (Adjusted),1977
3280.40132,8 - Track,Value (Adjusted),1977
,Other Tapes,Value (Adjusted),1977
,Music Video (Physical),Value (Adjusted),1977
,DVD Audio,Value (Adjusted),1977
,SACD,Value (Adjusted),1977
,Download Single,Value (Adjusted),1977
,Download Album,Value (Adjusted),1977
,Kiosk,Value (Adjusted),1977
,Download Music Video,Value (Adjusted),1977
,Ringtones & Ringbacks,Value (Adjusted),1977
,Other Digital,Value (Adjusted),1977
,Paid Subscription,Value (Adjusted),1977
,Limited Tier Paid Subscription,Value (Adjusted),1977
,SoundExchange Distributions,Value (Adjusted),1977
,On-Demand Streaming (Ad-Supported),Value (Adjusted),1977
,Other Ad-Supported Streaming,Value (Adjusted),1977
,Synchronization,Value (Adjusted),1977
,CD,Units,1978
,CD Single,Units,1978
61.3,Cassette,Units,1978
,Cassette Single,Units,1978
341.3,LP/EP,Units,1978
190,Vinyl Single,Units,1978
133.6,8 - Track,Units,1978
,Other Tapes,Units,1978
,Music Video (Physical),Units,1978
,DVD Audio,Units,1978
,SACD,Units,1978
,Download Single,Units,1978
,Download Album,Units,1978
,Kiosk,Units,1978
,Download Music Video,Units,1978
,Ringtones & Ringbacks,Units,1978
,,Units,1978
,Paid Subscriptions,Units,1978
,CD,Value,1978
,CD Single,Value,1978
449.8,Cassette,Value,1978
,Cassette Single,Value,1978
2473.3,LP/EP,Value,1978
260.3,Vinyl Single,Value,1978
948,8 - Track,Value,1978
,Other Tapes,Value,1978
,Music Video (Physical),Value,1978
,DVD Audio,Value,1978
,SACD,Value,1978
,Download Single,Value,1978
,Download Album,Value,1978
,Kiosk,Value,1978
,Download Music Video,Value,1978
,Ringtones & Ringbacks,Value,1978
,Other Digital,Value,1978
,Paid Subscription,Value,1978
,Limited Tier Paid Subscription,Value,1978
,SoundExchange Distributions,Value,1978
,On-Demand Streaming (Ad-Supported),Value,1978
,Other Ad-Supported Streaming,Value,1978
,Synchronization,Value,1978
,CD,Value (Adjusted),1978
,CD Single,Value (Adjusted),1978
1691.027239,Cassette,Value (Adjusted),1978
,Cassette Single,Value (Adjusted),1978
9298.39411,LP/EP,Value (Adjusted),1978
978.6002454,Vinyl Single,Value (Adjusted),1978
3564.014724,8 - Track,Value (Adjusted),1978
,Other Tapes,Value (Adjusted),1978
,Music Video (Physical),Value (Adjusted),1978
,DVD Audio,Value (Adjusted),1978
,SACD,Value (Adjusted),1978
,Download Single,Value (Adjusted),1978
,Download Album,Value (Adjusted),1978
,Kiosk,Value (Adjusted),1978
,Download Music Video,Value (Adjusted),1978
,Ringtones & Ringbacks,Value (Adjusted),1978
,Other Digital,Value (Adjusted),1978
,Paid Subscription,Value (Adjusted),1978
,Limited Tier Paid Subscription,Value (Adjusted),1978
,SoundExchange Distributions,Value (Adjusted),1978
,On-Demand Streaming (Ad-Supported),Value (Adjusted),1978
,Other Ad-Supported Streaming,Value (Adjusted),1978
,Synchronization,Value (Adjusted),1978
,CD,Units,1979
,CD Single,Units,1979
78.5,Cassette,Units,1979
,Cassette Single,Units,1979
290,LP/EP,Units,1979
212,Vinyl Single,Units,1979
102.3,8 - Track,Units,1979
,Other Tapes,Units,1979
,Music Video (Physical),Units,1979
,DVD Audio,Units,1979
,SACD,Units,1979
,Download Single,Units,1979
,Download Album,Units,1979
,Kiosk,Units,1979
,Download Music Video,Units,1979
,Ringtones & Ringbacks,Units,1979
,,Units,1979
,Paid Subscriptions,Units,1979
,CD,Value,1979
,CD Single,Value,1979
580.6,Cassette,Value,1979
,Cassette Single,Value,1979
2057,LP/EP,Value,1979
353.6,Vinyl Single,Value,1979
684.3,8 - Track,Value,1979
,Other Tapes,Value,1979
,Music Video (Physical),Value,1979
,DVD Audio,Value,1979
,SACD,Value,1979
,Download Single,Value,1979
,Download Album,Value,1979
,Kiosk,Value,1979
,Download Music Video,Value,1979
,Ringtones & Ringbacks,Value,1979
,Other Digital,Value,1979
,Paid Subscription,Value,1979
,Limited Tier Paid Subscription,Value,1979
,SoundExchange Distributions,Value,1979
,On-Demand Streaming (Ad-Supported),Value,1979
,Other Ad-Supported Streaming,Value,1979
,Synchronization,Value,1979
,CD,Value (Adjusted),1979
,CD Single,Value (Adjusted),1979
1960.284738,Cassette,Value (Adjusted),1979
,Cassette Single,Value (Adjusted),1979
6945.066667,LP/EP,Value (Adjusted),1979
1193.8627,Vinyl Single,Value (Adjusted),1979
2310.407934,8 - Track,Value (Adjusted),1979
,Other Tapes,Value (Adjusted),1979
,Music Video (Physical),Value (Adjusted),1979
,DVD Audio,Value (Adjusted),1979
,SACD,Value (Adjusted),1979
,Download Single,Value (Adjusted),1979
,Download Album,Value (Adjusted),1979
,Kiosk,Value (Adjusted),1979
,Download Music Video,Value (Adjusted),1979
,Ringtones & Ringbacks,Value (Adjusted),1979
,Other Digital,Value (Adjusted),1979
,Paid Subscription,Value (Adjusted),1979
,Limited Tier Paid Subscription,Value (Adjusted),1979
,SoundExchange Distributions,Value (Adjusted),1979
,On-Demand Streaming (Ad-Supported),Value (Adjusted),1979
,Other Ad-Supported Streaming,Value (Adjusted),1979
,Synchronization,Value (Adjusted),1979
,CD,Units,1980
,CD Single,Units,1980
99,Cassette,Units,1980
,Cassette Single,Units,1980
308,LP/EP,Units,1980
157,Vinyl Single,Units,1980
85,8 - Track,Units,1980
,Other Tapes,Units,1980
,Music Video (Physical),Units,1980
,DVD Audio,Units,1980
,SACD,Units,1980
,Download Single,Units,1980
,Download Album,Units,1980
,Kiosk,Units,1980
,Download Music Video,Units,1980
,Ringtones & Ringbacks,Units,1980
,,Units,1980
,Paid Subscriptions,Units,1980
,CD,Value,1980
,CD Single,Value,1980
705,Cassette,Value,1980
,Cassette Single,Value,1980
2200,LP/EP,Value,1980
250,Vinyl Single,Value,1980
527,8 - Track,Value,1980
,Other Tapes,Value,1980
,Music Video (Physical),Value,1980
,DVD Audio,Value,1980
,SACD,Value,1980
,Download Single,Value,1980
,Download Album,Value,1980
,Kiosk,Value,1980
,Download Music Video,Value,1980
,Ringtones & Ringbacks,Value,1980
,Other Digital,Value,1980
,Paid Subscription,Value,1980
,Limited Tier Paid Subscription,Value,1980
,SoundExchange Distributions,Value,1980
,On-Demand Streaming (Ad-Supported),Value,1980
,Other Ad-Supported Streaming,Value,1980
,Synchronization,Value,1980
,CD,Value (Adjusted),1980
,CD Single,Value (Adjusted),1980
2097.203883,Cassette,Value (Adjusted),1980
,Cassette Single,Value (Adjusted),1980
6544.466019,LP/EP,Value (Adjusted),1980
743.6893204,Vinyl Single,Value (Adjusted),1980
1567.697087,8 - Track,Value (Adjusted),1980
,Other Tapes,Value (Adjusted),1980
,Music Video (Physical),Value (Adjusted),1980
,DVD Audio,Value (Adjusted),1980
,SACD,Value (Adjusted),1980
,Download Single,Value (Adjusted),1980
,Download Album,Value (Adjusted),1980
,Kiosk,Value (Adjusted),1980
,Download Music Video,Value (Adjusted),1980
,Ringtones & Ringbacks,Value (Adjusted),1980
,Other Digital,Value (Adjusted),1980
,Paid Subscription,Value (Adjusted),1980
,Limited Tier Paid Subscription,Value (Adjusted),1980
,SoundExchange Distributions,Value (Adjusted),1980
,On-Demand Streaming (Ad-Supported),Value (Adjusted),1980
,Other Ad-Supported Streaming,Value (Adjusted),1980
,Synchronization,Value (Adjusted),1980
,CD,Units,1981
,CD Single,Units,1981
124,Cassette,Units,1981
,Cassette Single,Units,1981
295.2,LP/EP,Units,1981
154.7,Vinyl Single,Units,1981
50,8 - Track,Units,1981
,Other Tapes,Units,1981
,Music Video (Physical),Units,1981
,DVD Audio,Units,1981
,SACD,Units,1981
,Download Single,Units,1981
,Download Album,Units,1981
,Kiosk,Units,1981
,Download Music Video,Units,1981
,Ringtones & Ringbacks,Units,1981
,,Units,1981
,Paid Subscriptions,Units,1981
,CD,Value,1981
,CD Single,Value,1981
1062.8,Cassette,Value,1981
,Cassette Single,Value,1981
2341.7,LP/EP,Value,1981
256.4,Vinyl Single,Value,1981
313,8 - Track,Value,1981
,Other Tapes,Value,1981
,Music Video (Physical),Value,1981
,DVD Audio,Value,1981
,SACD,Value,1981
,Download Single,Value,1981
,Download Album,Value,1981
,Kiosk,Value,1981
,Download Music Video,Value,1981
,Ringtones & Ringbacks,Value,1981
,Other Digital,Value,1981
,Paid Subscription,Value,1981
,Limited Tier Paid Subscription,Value,1981
,SoundExchange Distributions,Value,1981
,On-Demand Streaming (Ad-Supported),Value,1981
,Other Ad-Supported Streaming,Value,1981
,Synchronization,Value,1981
,CD,Value (Adjusted),1981
,CD Single,Value (Adjusted),1981
2865.93549,Cassette,Value (Adjusted),1981
,Cassette Single,Value (Adjusted),1981
6314.604004,LP/EP,Value (Adjusted),1981
691.4055886,Vinyl Single,Value (Adjusted),1981
844.0325633,8 - Track,Value (Adjusted),1981
,Other Tapes,Value (Adjusted),1981
,Music Video (Physical),Value (Adjusted),1981
,DVD Audio,Value (Adjusted),1981
,SACD,Value (Adjusted),1981
,Download Single,Value (Adjusted),1981
,Download Album,Value (Adjusted),1981
,Kiosk,Value (Adjusted),1981
,Download Music Video,Value (Adjusted),1981
,Ringtones & Ringbacks,Value (Adjusted),1981
,Other Digital,Value (Adjusted),1981
,Paid Subscription,Value (Adjusted),1981
,Limited Tier Paid Subscription,Value (Adjusted),1981
,SoundExchange Distributions,Value (Adjusted),1981
,On-Demand Streaming (Ad-Supported),Value (Adjusted),1981
,Other Ad-Supported Streaming,Value (Adjusted),1981
,Synchronization,Value (Adjusted),1981
,CD,Units,1982
,CD Single,Units,1982
183.2,Cassette,Units,1982
,Cassette Single,Units,1982
243.9,LP/EP,Units,1982
137.2,Vinyl Single,Units,1982
13.7,8 - Track,Units,1982
,Other Tapes,Units,1982
,Music Video (Physical),Units,1982
,DVD Audio,Units,1982
,SACD,Units,1982
,Download Single,Units,1982
,Download Album,Units,1982
,Kiosk,Units,1982
,Download Music Video,Units,1982
,Ringtones & Ringbacks,Units,1982
,,Units,1982
,Paid Subscriptions,Units,1982
,CD,Value,1982
,CD Single,Value,1982
1384.5,Cassette,Value,1982
,Cassette Single,Value,1982
1925.1,LP/EP,Value,1982
283,Vinyl Single,Value,1982
36,8 - Track,Value,1982
,Other Tapes,Value,1982
,Music Video (Physical),Value,1982
,DVD Audio,Value,1982
,SACD,Value,1982
,Download Single,Value,1982
,Download Album,Value,1982
,Kiosk,Value,1982
,Download Music Video,Value,1982
,Ringtones & Ringbacks,Value,1982
,Other Digital,Value,1982
,Paid Subscription,Value,1982
,Limited Tier Paid Subscription,Value,1982
,SoundExchange Distributions,Value,1982
,On-Demand Streaming (Ad-Supported),Value,1982
,Other Ad-Supported Streaming,Value,1982
,Synchronization,Value,1982
,CD,Value (Adjusted),1982
,CD Single,Value (Adjusted),1982
3516.773472,Cassette,Value (Adjusted),1982
,Cassette Single,Value (Adjusted),1982
4889.953492,LP/EP,Value (Adjusted),1982
718.8493264,Vinyl Single,Value (Adjusted),1982
91.44373057,8 - Track,Value (Adjusted),1982
,Other Tapes,Value (Adjusted),1982
,Music Video (Physical),Value (Adjusted),1982
,DVD Audio,Value (Adjusted),1982
,SACD,Value (Adjusted),1982
,Download Single,Value (Adjusted),1982
,Download Album,Value (Adjusted),1982
,Kiosk,Value (Adjusted),1982
,Download Music Video,Value (Adjusted),1982
,Ringtones & Ringbacks,Value (Adjusted),1982
,Other Digital,Value (Adjusted),1982
,Paid Subscription,Value (Adjusted),1982
,Limited Tier Paid Subscription,Value (Adjusted),1982
,SoundExchange Distributions,Value (Adjusted),1982
,On-Demand Streaming (Ad-Supported),Value (Adjusted),1982
,Other Ad-Supported Streaming,Value (Adjusted),1982
,Synchronization,Value (Adjusted),1982
0.8,CD,Units,1983
,CD Single,Units,1983
236.8,Cassette,Units,1983
,Cassette Single,Units,1983
209.6,LP/EP,Units,1983
124.8,Vinyl Single,Units,1983
,8 - Track,Units,1983
,Other Tapes,Units,1983
,Music Video (Physical),Units,1983
,DVD Audio,Units,1983
,SACD,Units,1983
,Download Single,Units,1983
,Download Album,Units,1983
,Kiosk,Units,1983
,Download Music Video,Units,1983
,Ringtones & Ringbacks,Units,1983
,,Units,1983
,Paid Subscriptions,Units,1983
17.2,CD,Value,1983
,CD Single,Value,1983
1810.9,Cassette,Value,1983
,Cassette Single,Value,1983
1689,LP/EP,Value,1983
269.3,Vinyl Single,Value,1983
,8 - Track,Value,1983
,Other Tapes,Value,1983
,Music Video (Physical),Value,1983
,DVD Audio,Value,1983
,SACD,Value,1983
,Download Single,Value,1983
,Download Album,Value,1983
,Kiosk,Value,1983
,Download Music Video,Value,1983
,Ringtones & Ringbacks,Value,1983
,Other Digital,Value,1983
,Paid Subscription,Value,1983
,Limited Tier Paid Subscription,Value,1983
,SoundExchange Distributions,Value,1983
,On-Demand Streaming (Ad-Supported),Value,1983
,Other Ad-Supported Streaming,Value,1983
,Synchronization,Value,1983
42.32995984,CD,Value (Adjusted),1983
,CD Single,Value (Adjusted),1983
4456.7049,Cassette,Value (Adjusted),1983
,Cassette Single,Value (Adjusted),1983
4156.703614,LP/EP,Value (Adjusted),1983
662.7591968,Vinyl Single,Value (Adjusted),1983
,8 - Track,Value (Adjusted),1983
,Other Tapes,Value (Adjusted),1983
,Music Video (Physical),Value (Adjusted),1983
,DVD Audio,Value (Adjusted),1983
,SACD,Value (Adjusted),1983
,Download Single,Value (Adjusted),1983
,Download Album,Value (Adjusted),1983
,Kiosk,Value (Adjusted),1983
,Download Music Video,Value (Adjusted),1983
,Ringtones & Ringbacks,Value (Adjusted),1983
,Other Digital,Value (Adjusted),1983
,Paid Subscription,Value (Adjusted),1983
,Limited Tier Paid Subscription,Value (Adjusted),1983
,SoundExchange Distributions,Value (Adjusted),1983
,On-Demand Streaming (Ad-Supported),Value (Adjusted),1983
,Other Ad-Supported Streaming,Value (Adjusted),1983
,Synchronization,Value (Adjusted),1983
5.8,CD,Units,1984
,CD Single,Units,1984
332,Cassette,Units,1984
,Cassette Single,Units,1984
204.6,LP/EP,Units,1984
131.5,Vinyl Single,Units,1984
,8 - Track,Units,1984
,Other Tapes,Units,1984
,Music Video (Physical),Units,1984
,DVD Audio,Units,1984
,SACD,Units,1984
,Download Single,Units,1984
,Download Album,Units,1984
,Kiosk,Units,1984
,Download Music Video,Units,1984
,Ringtones & Ringbacks,Units,1984
,,Units,1984
,Paid Subscriptions,Units,1984
103.3,CD,Value,1984
,CD Single,Value,1984
2383.9,Cassette,Value,1984
,Cassette Single,Value,1984
1548.8,LP/EP,Value,1984
298.7,Vinyl Single,Value,1984
,8 - Track,Value,1984
,Other Tapes,Value,1984
,Music Video (Physical),Value,1984
,DVD Audio,Value,1984
,SACD,Value,1984
,Download Single,Value,1984
,Download Album,Value,1984
,Kiosk,Value,1984
,Download Music Video,Value,1984
,Ringtones & Ringbacks,Value,1984
,Other Digital,Value,1984
,Paid Subscription,Value,1984
,Limited Tier Paid Subscription,Value,1984
,SoundExchange Distributions,Value,1984
,On-Demand Streaming (Ad-Supported),Value,1984
,Other Ad-Supported Streaming,Value,1984
,Synchronization,Value,1984
243.7044851,CD,Value (Adjusted),1984
,CD Single,Value (Adjusted),1984
5624.076689,Cassette,Value (Adjusted),1984
,Cassette Single,Value (Adjusted),1984
3653.915842,LP/EP,Value (Adjusted),1984
704.6905101,Vinyl Single,Value (Adjusted),1984
,8 - Track,Value (Adjusted),1984
,Other Tapes,Value (Adjusted),1984
,Music Video (Physical),Value (Adjusted),1984
,DVD Audio,Value (Adjusted),1984
,SACD,Value (Adjusted),1984
,Download Single,Value (Adjusted),1984
,Download Album,Value (Adjusted),1984
,Kiosk,Value (Adjusted),1984
,Download Music Video,Value (Adjusted),1984
,Ringtones & Ringbacks,Value (Adjusted),1984
,Other Digital,Value (Adjusted),1984
,Paid Subscription,Value (Adjusted),1984
,Limited Tier Paid Subscription,Value (Adjusted),1984
,SoundExchange Distributions,Value (Adjusted),1984
,On-Demand Streaming (Ad-Supported),Value (Adjusted),1984
,Other Ad-Supported Streaming,Value (Adjusted),1984
,Synchronization,Value (Adjusted),1984
22.6,CD,Units,1985
,CD Single,Units,1985
339.1,Cassette,Units,1985
,Cassette Single,Units,1985
167,LP/EP,Units,1985
120.7,Vinyl Single,Units,1985
,8 - Track,Units,1985
,Other Tapes,Units,1985
,Music Video (Physical),Units,1985
,DVD Audio,Units,1985
,SACD,Units,1985
,Download Single,Units,1985
,Download Album,Units,1985
,Kiosk,Units,1985
,Download Music Video,Units,1985
,Ringtones & Ringbacks,Units,1985
,,Units,1985
,Paid Subscriptions,Units,1985
389.5,CD,Value,1985
,CD Single,Value,1985
2411.5,Cassette,Value,1985
,Cassette Single,Value,1985
1280.5,LP/EP,Value,1985
281,Vinyl Single,Value,1985
,8 - Track,Value,1985
,Other Tapes,Value,1985
,Music Video (Physical),Value,1985
,DVD Audio,Value,1985
,SACD,Value,1985
,Download Single,Value,1985
,Download Album,Value,1985
,Kiosk,Value,1985
,Download Music Video,Value,1985
,Ringtones & Ringbacks,Value,1985
,Other Digital,Value,1985
,Paid Subscription,Value,1985
,Limited Tier Paid Subscription,Value,1985
,SoundExchange Distributions,Value,1985
,On-Demand Streaming (Ad-Supported),Value,1985
,Other Ad-Supported Streaming,Value,1985
,Synchronization,Value,1985
887.3070632,CD,Value (Adjusted),1985
,CD Single,Value (Adjusted),1985
5493.558364,Cassette,Value (Adjusted),1985
,Cassette Single,Value (Adjusted),1985
2917.064684,LP/EP,Value (Adjusted),1985
640.136803,Vinyl Single,Value (Adjusted),1985
,8 - Track,Value (Adjusted),1985
,Other Tapes,Value (Adjusted),1985
,Music Video (Physical),Value (Adjusted),1985
,DVD Audio,Value (Adjusted),1985
,SACD,Value (Adjusted),1985
,Download Single,Value (Adjusted),1985
,Download Album,Value (Adjusted),1985
,Kiosk,Value (Adjusted),1985
,Download Music Video,Value (Adjusted),1985
,Ringtones & Ringbacks,Value (Adjusted),1985
,Other Digital,Value (Adjusted),1985
,Paid Subscription,Value (Adjusted),1985
,Limited Tier Paid Subscription,Value (Adjusted),1985
,SoundExchange Distributions,Value (Adjusted),1985
,On-Demand Streaming (Ad-Supported),Value (Adjusted),1985
,Other Ad-Supported Streaming,Value (Adjusted),1985
,Synchronization,Value (Adjusted),1985
53,CD,Units,1986
,CD Single,Units,1986
344.5,Cassette,Units,1986
,Cassette Single,Units,1986
125.2,LP/EP,Units,1986
93.9,Vinyl Single,Units,1986
,8 - Track,Units,1986
,Other Tapes,Units,1986
,Music Video (Physical),Units,1986
,DVD Audio,Units,1986
,SACD,Units,1986
,Download Single,Units,1986
,Download Album,Units,1986
,Kiosk,Units,1986
,Download Music Video,Units,1986
,Ringtones & Ringbacks,Units,1986
,,Units,1986
,Paid Subscriptions,Units,1986
930.1,CD,Value,1986
,CD Single,Value,1986
2499.5,Cassette,Value,1986
,Cassette Single,Value,1986
983,LP/EP,Value,1986
228.1,Vinyl Single,Value,1986
,8 - Track,Value,1986
,Other Tapes,Value,1986
,Music Video (Physical),Value,1986
,DVD Audio,Value,1986
,SACD,Value,1986
,Download Single,Value,1986
,Download Album,Value,1986
,Kiosk,Value,1986
,Download Music Video,Value,1986
,Ringtones & Ringbacks,Value,1986
,Other Digital,Value,1986
,Paid Subscription,Value,1986
,Limited Tier Paid Subscription,Value,1986
,SoundExchange Distributions,Value,1986
,On-Demand Streaming (Ad-Supported),Value,1986
,Other Ad-Supported Streaming,Value,1986
,Synchronization,Value,1986
2080.165255,CD,Value (Adjusted),1986
,CD Single,Value (Adjusted),1986
5590.122628,Cassette,Value (Adjusted),1986
,Cassette Single,Value (Adjusted),1986
2198.475912,LP/EP,Value (Adjusted),1986
510.1448175,Vinyl Single,Value (Adjusted),1986
,8 - Track,Value (Adjusted),1986
,Other Tapes,Value (Adjusted),1986
,Music Video (Physical),Value (Adjusted),1986
,DVD Audio,Value (Adjusted),1986
,SACD,Value (Adjusted),1986
,Download Single,Value (Adjusted),1986
,Download Album,Value (Adjusted),1986
,Kiosk,Value (Adjusted),1986
,Download Music Video,Value (Adjusted),1986
,Ringtones & Ringbacks,Value (Adjusted),1986
,Other Digital,Value (Adjusted),1986
,Paid Subscription,Value (Adjusted),1986
,Limited Tier Paid Subscription,Value (Adjusted),1986
,SoundExchange Distributions,Value (Adjusted),1986
,On-Demand Streaming (Ad-Supported),Value (Adjusted),1986
,Other Ad-Supported Streaming,Value (Adjusted),1986
,Synchronization,Value (Adjusted),1986
102.1,CD,Units,1987
,CD Single,Units,1987
410,Cassette,Units,1987
5.1,Cassette Single,Units,1987
107,LP/EP,Units,1987
82,Vinyl Single,Units,1987
,8 - Track,Units,1987
,Other Tapes,Units,1987
,Music Video (Physical),Units,1987
,DVD Audio,Units,1987
,SACD,Units,1987
,Download Single,Units,1987
,Download Album,Units,1987
,Kiosk,Units,1987
,Download Music Video,Units,1987
,Ringtones & Ringbacks,Units,1987
,,Units,1987
,Paid Subscriptions,Units,1987
1593.6,CD,Value,1987
,CD Single,Value,1987
2959.7,Cassette,Value,1987
14.3,Cassette Single,Value,1987
793.1,LP/EP,Value,1987
203.3,Vinyl Single,Value,1987
,8 - Track,Value,1987
,Other Tapes,Value,1987
,Music Video (Physical),Value,1987
,DVD Audio,Value,1987
,SACD,Value,1987
,Download Single,Value,1987
,Download Album,Value,1987
,Kiosk,Value,1987
,Download Music Video,Value,1987
,Ringtones & Ringbacks,Value,1987
,Other Digital,Value,1987
,Paid Subscription,Value,1987
,Limited Tier Paid Subscription,Value,1987
,SoundExchange Distributions,Value,1987
,On-Demand Streaming (Ad-Supported),Value,1987
,Other Ad-Supported Streaming,Value,1987
,Synchronization,Value,1987
3438.584789,CD,Value (Adjusted),1987
,CD Single,Value (Adjusted),1987
6386.282254,Cassette,Value (Adjusted),1987
30.85577465,Cassette Single,Value (Adjusted),1987
1711.308732,LP/EP,Value (Adjusted),1987
438.6698592,Vinyl Single,Value (Adjusted),1987
,8 - Track,Value (Adjusted),1987
,Other Tapes,Value (Adjusted),1987
,Music Video (Physical),Value (Adjusted),1987
,DVD Audio,Value (Adjusted),1987
,SACD,Value (Adjusted),1987
,Download Single,Value (Adjusted),1987
,Download Album,Value (Adjusted),1987
,Kiosk,Value (Adjusted),1987
,Download Music Video,Value (Adjusted),1987
,Ringtones & Ringbacks,Value (Adjusted),1987
,Other Digital,Value (Adjusted),1987
,Paid Subscription,Value (Adjusted),1987
,Limited Tier Paid Subscription,Value (Adjusted),1987
,SoundExchange Distributions,Value (Adjusted),1987
,On-Demand Streaming (Ad-Supported),Value (Adjusted),1987
,Other Ad-Supported Streaming,Value (Adjusted),1987
,Synchronization,Value (Adjusted),1987
149.7,CD,Units,1988
1.6,CD Single,Units,1988
450.1,Cassette,Units,1988
22.5,Cassette Single,Units,1988
72.4,LP/EP,Units,1988
65.6,Vinyl Single,Units,1988
,8 - Track,Units,1988
,Other Tapes,Units,1988
,Music Video (Physical),Units,1988
,DVD Audio,Units,1988
,SACD,Units,1988
,Download Single,Units,1988
,Download Album,Units,1988
,Kiosk,Units,1988
,Download Music Video,Units,1988
,Ringtones & Ringbacks,Units,1988
,,Units,1988
,Paid Subscriptions,Units,1988
2089.9,CD,Value,1988
9.8,CD Single,Value,1988
3385.1,Cassette,Value,1988
57.3,Cassette Single,Value,1988
532.2,LP/EP,Value,1988
180.4,Vinyl Single,Value,1988
,8 - Track,Value,1988
,Other Tapes,Value,1988
,Music Video (Physical),Value,1988
,DVD Audio,Value,1988
,SACD,Value,1988
,Download Single,Value,1988
,Download Album,Value,1988
,Kiosk,Value,1988
,Download Music Video,Value,1988
,Ringtones & Ringbacks,Value,1988
,Other Digital,Value,1988
,Paid Subscription,Value,1988
,Limited Tier Paid Subscription,Value,1988
,SoundExchange Distributions,Value,1988
,On-Demand Streaming (Ad-Supported),Value,1988
,Other Ad-Supported Streaming,Value,1988
,Synchronization,Value,1988
4330.315199,CD,Value (Adjusted),1988
20.30579882,CD Single,Value (Adjusted),1988
7013.995875,Cassette,Value (Adjusted),1988
118.7267625,Cassette Single,Value (Adjusted),1988
1102.729197,LP/EP,Value (Adjusted),1988
373.7924598,Vinyl Single,Value (Adjusted),1988
,8 - Track,Value (Adjusted),1988
,Other Tapes,Value (Adjusted),1988
,Music Video (Physical),Value (Adjusted),1988
,DVD Audio,Value (Adjusted),1988
,SACD,Value (Adjusted),1988
,Download Single,Value (Adjusted),1988
,Download Album,Value (Adjusted),1988
,Kiosk,Value (Adjusted),1988
,Download Music Video,Value (Adjusted),1988
,Ringtones & Ringbacks,Value (Adjusted),1988
,Other Digital,Value (Adjusted),1988
,Paid Subscription,Value (Adjusted),1988
,Limited Tier Paid Subscription,Value (Adjusted),1988
,SoundExchange Distributions,Value (Adjusted),1988
,On-Demand Streaming (Ad-Supported),Value (Adjusted),1988
,Other Ad-Supported Streaming,Value (Adjusted),1988
,Synchronization,Value (Adjusted),1988
207.2,CD,Units,1989
,CD Single,Units,1989
446.2,Cassette,Units,1989
76.2,Cassette Single,Units,1989
34.6,LP/EP,Units,1989
36.6,Vinyl Single,Units,1989
,8 - Track,Units,1989
,Other Tapes,Units,1989
6.1,Music Video (Physical),Units,1989
,DVD Audio,Units,1989
,SACD,Units,1989
,Download Single,Units,1989
,Download Album,Units,1989
,Kiosk,Units,1989
,Download Music Video,Units,1989
,Ringtones & Ringbacks,Units,1989
,,Units,1989
,Paid Subscriptions,Units,1989
2587.7,CD,Value,1989
,CD Single,Value,1989
3345.8,Cassette,Value,1989
194.6,Cassette Single,Value,1989
220.3,LP/EP,Value,1989
116.4,Vinyl Single,Value,1989
,8 - Track,Value,1989
,Other Tapes,Value,1989
115.4,Music Video (Physical),Value,1989
,DVD Audio,Value,1989
,SACD,Value,1989
,Download Single,Value,1989
,Download Album,Value,1989
,Kiosk,Value,1989
,Download Music Video,Value,1989
,Ringtones & Ringbacks,Value,1989
,Other Digital,Value,1989
,Paid Subscription,Value,1989
,Limited Tier Paid Subscription,Value,1989
,SoundExchange Distributions,Value,1989
,On-Demand Streaming (Ad-Supported),Value,1989
,Other Ad-Supported Streaming,Value,1989
,Synchronization,Value,1989
5115.298581,CD,Value (Adjusted),1989
,CD Single,Value (Adjusted),1989
6613.891097,Cassette,Value (Adjusted),1989
384.6802581,Cassette Single,Value (Adjusted),1989
435.4833548,LP/EP,Value (Adjusted),1989
230.0965161,Vinyl Single,Value (Adjusted),1989
,8 - Track,Value (Adjusted),1989
,Other Tapes,Value (Adjusted),1989
228.1197419,Music Video (Physical),Value (Adjusted),1989
,DVD Audio,Value (Adjusted),1989
,SACD,Value (Adjusted),1989
,Download Single,Value (Adjusted),1989
,Download Album,Value (Adjusted),1989
,Kiosk,Value (Adjusted),1989
,Download Music Video,Value (Adjusted),1989
,Ringtones & Ringbacks,Value (Adjusted),1989
,Other Digital,Value (Adjusted),1989
,Paid Subscription,Value (Adjusted),1989
,Limited Tier Paid Subscription,Value (Adjusted),1989
,SoundExchange Distributions,Value (Adjusted),1989
,On-Demand Streaming (Ad-Supported),Value (Adjusted),1989
,Other Ad-Supported Streaming,Value (Adjusted),1989
,Synchronization,Value (Adjusted),1989
286.5,CD,Units,1990
1.1,CD Single,Units,1990
442.2,Cassette,Units,1990
87.4,Cassette Single,Units,1990
11.7,LP/EP,Units,1990
27.6,Vinyl Single,Units,1990
,8 - Track,Units,1990
,Other Tapes,Units,1990
9.2,Music Video (Physical),Units,1990
,DVD Audio,Units,1990
,SACD,Units,1990
,Download Single,Units,1990
,Download Album,Units,1990
,Kiosk,Units,1990
,Download Music Video,Units,1990
,Ringtones & Ringbacks,Units,1990
,,Units,1990
,Paid Subscriptions,Units,1990
3451.6,CD,Value,1990
6,CD Single,Value,1990
3472.4,Cassette,Value,1990
257.9,Cassette Single,Value,1990
86.5,LP/EP,Value,1990
94.4,Vinyl Single,Value,1990
,8 - Track,Value,1990
,Other Tapes,Value,1990
172.3,Music Video (Physical),Value,1990
,DVD Audio,Value,1990
,SACD,Value,1990
,Download Single,Value,1990
,Download Album,Value,1990
,Kiosk,Value,1990
,Download Music Video,Value,1990
,Ringtones & Ringbacks,Value,1990
,Other Digital,Value,1990
,Paid Subscription,Value,1990
,Limited Tier Paid Subscription,Value,1990
,SoundExchange Distributions,Value,1990
,On-Demand Streaming (Ad-Supported),Value,1990
,Other Ad-Supported Streaming,Value,1990
,Synchronization,Value,1990
6473.268493,CD,Value (Adjusted),1990
11.25263963,CD Single,Value (Adjusted),1990
6512.277643,Cassette,Value (Adjusted),1990
483.6759602,Cassette Single,Value (Adjusted),1990
162.2255547,LP/EP,Value (Adjusted),1990
177.0415302,Vinyl Single,Value (Adjusted),1990
,8 - Track,Value (Adjusted),1990
,Other Tapes,Value (Adjusted),1990
323.1383015,Music Video (Physical),Value (Adjusted),1990
,DVD Audio,Value (Adjusted),1990
,SACD,Value (Adjusted),1990
,Download Single,Value (Adjusted),1990
,Download Album,Value (Adjusted),1990
,Kiosk,Value (Adjusted),1990
,Download Music Video,Value (Adjusted),1990
,Ringtones & Ringbacks,Value (Adjusted),1990
,Other Digital,Value (Adjusted),1990
,Paid Subscription,Value (Adjusted),1990
,Limited Tier Paid Subscription,Value (Adjusted),1990
,SoundExchange Distributions,Value (Adjusted),1990
,On-Demand Streaming (Ad-Supported),Value (Adjusted),1990
,Other Ad-Supported Streaming,Value (Adjusted),1990
,Synchronization,Value (Adjusted),1990
333.3,CD,Units,1991
5.7,CD Single,Units,1991
360.1,Cassette,Units,1991
69,Cassette Single,Units,1991
4.8,LP/EP,Units,1991
22,Vinyl Single,Units,1991
,8 - Track,Units,1991
,Other Tapes,Units,1991
6.1,Music Video (Physical),Units,1991
,DVD Audio,Units,1991
,SACD,Units,1991
,Download Single,Units,1991
,Download Album,Units,1991
,Kiosk,Units,1991
,Download Music Video,Units,1991
,Ringtones & Ringbacks,Units,1991
,,Units,1991
,Paid Subscriptions,Units,1991
4337.7,CD,Value,1991
35.1,CD Single,Value,1991
3019.6,Cassette,Value,1991
230.4,Cassette Single,Value,1991
29.4,LP/EP,Value,1991
63.9,Vinyl Single,Value,1991
,8 - Track,Value,1991
,Other Tapes,Value,1991
118.1,Music Video (Physical),Value,1991
,DVD Audio,Value,1991
,SACD,Value,1991
,Download Single,Value,1991
,Download Album,Value,1991
,Kiosk,Value,1991
,Download Music Video,Value,1991
,Ringtones & Ringbacks,Value,1991
,Other Digital,Value,1991
,Paid Subscription,Value,1991
,Limited Tier Paid Subscription,Value,1991
,SoundExchange Distributions,Value,1991
,On-Demand Streaming (Ad-Supported),Value,1991
,Other Ad-Supported Streaming,Value,1991
,Synchronization,Value,1991
7806.586079,CD,Value (Adjusted),1991
63.16969163,CD Single,Value (Adjusted),1991
5434.393186,Cassette,Value (Adjusted),1991
414.6523348,Cassette Single,Value (Adjusted),1991
52.91136564,LP/EP,Value (Adjusted),1991
115.0012335,Vinyl Single,Value (Adjusted),1991
,8 - Track,Value (Adjusted),1991
,Other Tapes,Value (Adjusted),1991
212.5453157,Music Video (Physical),Value (Adjusted),1991
,DVD Audio,Value (Adjusted),1991
,SACD,Value (Adjusted),1991
,Download Single,Value (Adjusted),1991
,Download Album,Value (Adjusted),1991
,Kiosk,Value (Adjusted),1991
,Download Music Video,Value (Adjusted),1991
,Ringtones & Ringbacks,Value (Adjusted),1991
,Other Digital,Value (Adjusted),1991
,Paid Subscription,Value (Adjusted),1991
,Limited Tier Paid Subscription,Value (Adjusted),1991
,SoundExchange Distributions,Value (Adjusted),1991
,On-Demand Streaming (Ad-Supported),Value (Adjusted),1991
,Other Ad-Supported Streaming,Value (Adjusted),1991
,Synchronization,Value (Adjusted),1991
407.5,CD,Units,1992
7.3,CD Single,Units,1992
366.4,Cassette,Units,1992
84.6,Cassette Single,Units,1992
2.3,LP/EP,Units,1992
19.8,Vinyl Single,Units,1992
,8 - Track,Units,1992
,Other Tapes,Units,1992
7.6,Music Video (Physical),Units,1992
,DVD Audio,Units,1992
,SACD,Units,1992
,Download Single,Units,1992
,Download Album,Units,1992
,Kiosk,Units,1992
,Download Music Video,Units,1992
,Ringtones & Ringbacks,Units,1992
,,Units,1992
,Paid Subscriptions,Units,1992
5326.5,CD,Value,1992
45.1,CD Single,Value,1992
3116.3,Cassette,Value,1992
298.8,Cassette Single,Value,1992
13.5,LP/EP,Value,1992
66.4,Vinyl Single,Value,1992
,8 - Track,Value,1992
,Other Tapes,Value,1992
157.4,Music Video (Physical),Value,1992
,DVD Audio,Value,1992
,SACD,Value,1992
,Download Single,Value,1992
,Download Album,Value,1992
,Kiosk,Value,1992
,Download Music Video,Value,1992
,Ringtones & Ringbacks,Value,1992
,Other Digital,Value,1992
,Paid Subscription,Value,1992
,Limited Tier Paid Subscription,Value,1992
,SoundExchange Distributions,Value,1992
,On-Demand Streaming (Ad-Supported),Value,1992
,Other Ad-Supported Streaming,Value,1992
,Synchronization,Value,1992
9305.999145,CD,Value (Adjusted),1992
78.79481112,CD Single,Value (Adjusted),1992
5444.529266,Cassette,Value (Adjusted),1992
522.0374626,Cassette Single,Value (Adjusted),1992
23.58602994,LP/EP,Value (Adjusted),1992
116.008325,Vinyl Single,Value (Adjusted),1992
,8 - Track,Value (Adjusted),1992
,Other Tapes,Value (Adjusted),1992
274.9956379,Music Video (Physical),Value (Adjusted),1992
,DVD Audio,Value (Adjusted),1992
,SACD,Value (Adjusted),1992
,Download Single,Value (Adjusted),1992
,Download Album,Value (Adjusted),1992
,Kiosk,Value (Adjusted),1992
,Download Music Video,Value (Adjusted),1992
,Ringtones & Ringbacks,Value (Adjusted),1992
,Other Digital,Value (Adjusted),1992
,Paid Subscription,Value (Adjusted),1992
,Limited Tier Paid Subscription,Value (Adjusted),1992
,SoundExchange Distributions,Value (Adjusted),1992
,On-Demand Streaming (Ad-Supported),Value (Adjusted),1992
,Other Ad-Supported Streaming,Value (Adjusted),1992
,Synchronization,Value (Adjusted),1992
495.4,CD,Units,1993
7.8,CD Single,Units,1993
339.5,Cassette,Units,1993
85.6,Cassette Single,Units,1993
1.2,LP/EP,Units,1993
15.1,Vinyl Single,Units,1993
,8 - Track,Units,1993
,Other Tapes,Units,1993
11,Music Video (Physical),Units,1993
,DVD Audio,Units,1993
,SACD,Units,1993
,Download Single,Units,1993
,Download Album,Units,1993
,Kiosk,Units,1993
,Download Music Video,Units,1993
,Ringtones & Ringbacks,Units,1993
,,Units,1993
,Paid Subscriptions,Units,1993
6511.4,CD,Value,1993
45.8,CD Single,Value,1993
2915.8,Cassette,Value,1993
298.5,Cassette Single,Value,1993
10.6,LP/EP,Value,1993
51.2,Vinyl Single,Value,1993
,8 - Track,Value,1993
,Other Tapes,Value,1993
213.3,Music Video (Physical),Value,1993
,DVD Audio,Value,1993
,SACD,Value,1993
,Download Single,Value,1993
,Download Album,Value,1993
,Kiosk,Value,1993
,Download Music Video,Value,1993
,Ringtones & Ringbacks,Value,1993
,Other Digital,Value,1993
,Paid Subscription,Value,1993
,Limited Tier Paid Subscription,Value,1993
,SoundExchange Distributions,Value,1993
,On-Demand Streaming (Ad-Supported),Value,1993
,Other Ad-Supported Streaming,Value,1993
,Synchronization,Value,1993
11045.49736,CD,Value (Adjusted),1993
77.69201384,CD Single,Value (Adjusted),1993
4946.16537,Cassette,Value (Adjusted),1993
506.3551557,Cassette Single,Value (Adjusted),1993
17.98112111,LP/EP,Value (Adjusted),1993
86.85220761,Vinyl Single,Value (Adjusted),1993
,8 - Track,Value (Adjusted),1993
,Other Tapes,Value (Adjusted),1993
361.827654,Music Video (Physical),Value (Adjusted),1993
,DVD Audio,Value (Adjusted),1993
,SACD,Value (Adjusted),1993
,Download Single,Value (Adjusted),1993
,Download Album,Value (Adjusted),1993
,Kiosk,Value (Adjusted),1993
,Download Music Video,Value (Adjusted),1993
,Ringtones & Ringbacks,Value (Adjusted),1993
,Other Digital,Value (Adjusted),1993
,Paid Subscription,Value (Adjusted),1993
,Limited Tier Paid Subscription,Value (Adjusted),1993
,SoundExchange Distributions,Value (Adjusted),1993
,On-Demand Streaming (Ad-Supported),Value (Adjusted),1993
,Other Ad-Supported Streaming,Value (Adjusted),1993
,Synchronization,Value (Adjusted),1993
662.1,CD,Units,1994
9.3,CD Single,Units,1994
345.4,Cassette,Units,1994
81.1,Cassette Single,Units,1994
1.9,LP/EP,Units,1994
11.7,Vinyl Single,Units,1994
,8 - Track,Units,1994
,Other Tapes,Units,1994
11.2,Music Video (Physical),Units,1994
,DVD Audio,Units,1994
,SACD,Units,1994
,Download Single,Units,1994
,Download Album,Units,1994
,Kiosk,Units,1994
,Download Music Video,Units,1994
,Ringtones & Ringbacks,Units,1994
,,Units,1994
,Paid Subscriptions,Units,1994
8464.5,CD,Value,1994
56.1,CD Single,Value,1994
2976.4,Cassette,Value,1994
274.9,Cassette Single,Value,1994
17.8,LP/EP,Value,1994
47.2,Vinyl Single,Value,1994
,8 - Track,Value,1994
,Other Tapes,Value,1994
231.1,Music Video (Physical),Value,1994
,DVD Audio,Value,1994
,SACD,Value,1994
,Download Single,Value,1994
,Download Album,Value,1994
,Kiosk,Value,1994
,Download Music Video,Value,1994
,Ringtones & Ringbacks,Value,1994
,Other Digital,Value,1994
,Paid Subscription,Value,1994
,Limited Tier Paid Subscription,Value,1994
,SoundExchange Distributions,Value,1994
,On-Demand Streaming (Ad-Supported),Value,1994
,Other Ad-Supported Streaming,Value,1994
,Synchronization,Value,1994
14000.12308,CD,Value (Adjusted),1994
92.78834008,CD Single,Value (Adjusted),1994
4922.909366,Cassette,Value (Adjusted),1994
454.6794062,Cassette Single,Value (Adjusted),1994
29.4408637,LP/EP,Value (Adjusted),1994
78.06790823,Vinyl Single,Value (Adjusted),1994
,8 - Track,Value (Adjusted),1994
,Other Tapes,Value (Adjusted),1994
382.2350337,Music Video (Physical),Value (Adjusted),1994
,DVD Audio,Value (Adjusted),1994
,SACD,Value (Adjusted),1994
,Download Single,Value (Adjusted),1994
,Download Album,Value (Adjusted),1994
,Kiosk,Value (Adjusted),1994
,Download Music Video,Value (Adjusted),1994
,Ringtones & Ringbacks,Value (Adjusted),1994
,Other Digital,Value (Adjusted),1994
,Paid Subscription,Value (Adjusted),1994
,Limited Tier Paid Subscription,Value (Adjusted),1994
,SoundExchange Distributions,Value (Adjusted),1994
,On-Demand Streaming (Ad-Supported),Value (Adjusted),1994
,Other Ad-Supported Streaming,Value (Adjusted),1994
,Synchronization,Value (Adjusted),1994
722.9,CD,Units,1995
21.5,CD Single,Units,1995
272.6,Cassette,Units,1995
70.7,Cassette Single,Units,1995
2.2,LP/EP,Units,1995
10.2,Vinyl Single,Units,1995
,8 - Track,Units,1995
,Other Tapes,Units,1995
12.6,Music Video (Physical),Units,1995
,DVD Audio,Units,1995
,SACD,Units,1995
,Download Single,Units,1995
,Download Album,Units,1995
,Kiosk,Units,1995
,Download Music Video,Units,1995
,Ringtones & Ringbacks,Units,1995
,,Units,1995
,Paid Subscriptions,Units,1995
9377.4,CD,Value,1995
110.9,CD Single,Value,1995
2303.6,Cassette,Value,1995
236.3,Cassette Single,Value,1995
25.1,LP/EP,Value,1995
46.7,Vinyl Single,Value,1995
,8 - Track,Value,1995
,Other Tapes,Value,1995
220.3,Music Video (Physical),Value,1995
,DVD Audio,Value,1995
,SACD,Value,1995
,Download Single,Value,1995
,Download Album,Value,1995
,Kiosk,Value,1995
,Download Music Video,Value,1995
,Ringtones & Ringbacks,Value,1995
,Other Digital,Value,1995
,Paid Subscription,Value,1995
,Limited Tier Paid Subscription,Value,1995
,SoundExchange Distributions,Value,1995
,On-Demand Streaming (Ad-Supported),Value,1995
,Other Ad-Supported Streaming,Value,1995
,Synchronization,Value,1995
15082.60031,CD,Value (Adjusted),1995
178.3714436,CD Single,Value (Adjusted),1995
3705.107822,Cassette,Value (Adjusted),1995
380.0646719,Cassette Single,Value (Adjusted),1995
40.37081365,LP/EP,Value (Adjusted),1995
75.11223097,Vinyl Single,Value (Adjusted),1995
,8 - Track,Value (Adjusted),1995
,Other Tapes,Value (Adjusted),1995
354.3302887,Music Video (Physical),Value (Adjusted),1995
,DVD Audio,Value (Adjusted),1995
,SACD,Value (Adjusted),1995
,Download Single,Value (Adjusted),1995
,Download Album,Value (Adjusted),1995
,Kiosk,Value (Adjusted),1995
,Download Music Video,Value (Adjusted),1995
,Ringtones & Ringbacks,Value (Adjusted),1995
,Other Digital,Value (Adjusted),1995
,Paid Subscription,Value (Adjusted),1995
,Limited Tier Paid Subscription,Value (Adjusted),1995
,SoundExchange Distributions,Value (Adjusted),1995
,On-Demand Streaming (Ad-Supported),Value (Adjusted),1995
,Other Ad-Supported Streaming,Value (Adjusted),1995
,Synchronization,Value (Adjusted),1995
778.9,CD,Units,1996
43.2,CD Single,Units,1996
225.3,Cassette,Units,1996
59.9,Cassette Single,Units,1996
2.9,LP/EP,Units,1996
10.1,Vinyl Single,Units,1996
,8 - Track,Units,1996
,Other Tapes,Units,1996
16.9,Music Video (Physical),Units,1996
,DVD Audio,Units,1996
,SACD,Units,1996
,Download Single,Units,1996
,Download Album,Units,1996
,Kiosk,Units,1996
,Download Music Video,Units,1996
,Ringtones & Ringbacks,Units,1996
,,Units,1996
,Paid Subscriptions,Units,1996
9934.7,CD,Value,1996
184.1,CD Single,Value,1996
1905.3,Cassette,Value,1996
189.3,Cassette Single,Value,1996
36.8,LP/EP,Value,1996
47.5,Vinyl Single,Value,1996
,8 - Track,Value,1996
,Other Tapes,Value,1996
236.1,Music Video (Physical),Value,1996
,DVD Audio,Value,1996
,SACD,Value,1996
,Download Single,Value,1996
,Download Album,Value,1996
,Kiosk,Value,1996
,Download Music Video,Value,1996
,Ringtones & Ringbacks,Value,1996
,Other Digital,Value,1996
,Paid Subscription,Value,1996
,Limited Tier Paid Subscription,Value,1996
,SoundExchange Distributions,Value,1996
,On-Demand Streaming (Ad-Supported),Value,1996
,Other Ad-Supported Streaming,Value,1996
,Synchronization,Value,1996
15520.67345,CD,Value (Adjusted),1996
287.6137157,CD Single,Value (Adjusted),1996
2976.591052,Cassette,Value (Adjusted),1996
295.7375143,Cassette Single,Value (Adjusted),1996
57.49149777,LP/EP,Value (Adjusted),1996
74.20777565,Vinyl Single,Value (Adjusted),1996
,8 - Track,Value (Adjusted),1996
,Other Tapes,Value (Adjusted),1996
368.8517017,Music Video (Physical),Value (Adjusted),1996
,DVD Audio,Value (Adjusted),1996
,SACD,Value (Adjusted),1996
,Download Single,Value (Adjusted),1996
,Download Album,Value (Adjusted),1996
,Kiosk,Value (Adjusted),1996
,Download Music Video,Value (Adjusted),1996
,Ringtones & Ringbacks,Value (Adjusted),1996
,Other Digital,Value (Adjusted),1996
,Paid Subscription,Value (Adjusted),1996
,Limited Tier Paid Subscription,Value (Adjusted),1996
,SoundExchange Distributions,Value (Adjusted),1996
,On-Demand Streaming (Ad-Supported),Value (Adjusted),1996
,Other Ad-Supported Streaming,Value (Adjusted),1996
,Synchronization,Value (Adjusted),1996
753.1,CD,Units,1997
66.7,CD Single,Units,1997
172.6,Cassette,Units,1997
42.2,Cassette Single,Units,1997
2.7,LP/EP,Units,1997
7.5,Vinyl Single,Units,1997
,8 - Track,Units,1997
,Other Tapes,Units,1997
18.6,Music Video (Physical),Units,1997
,DVD Audio,Units,1997
,SACD,Units,1997
,Download Single,Units,1997
,Download Album,Units,1997
,Kiosk,Units,1997
,Download Music Video,Units,1997
,Ringtones & Ringbacks,Units,1997
,,Units,1997
,Paid Subscriptions,Units,1997
9915.1,CD,Value,1997
272.7,CD Single,Value,1997
1522.7,Cassette,Value,1997
133.5,Cassette Single,Value,1997
33.3,LP/EP,Value,1997
35.6,Vinyl Single,Value,1997
,8 - Track,Value,1997
,Other Tapes,Value,1997
323.9,Music Video (Physical),Value,1997
,DVD Audio,Value,1997
,SACD,Value,1997
,Download Single,Value,1997
,Download Album,Value,1997
,Kiosk,Value,1997
,Download Music Video,Value,1997
,Ringtones & Ringbacks,Value,1997
,Other Digital,Value,1997
,Paid Subscription,Value,1997
,Limited Tier Paid Subscription,Value,1997
,SoundExchange Distributions,Value,1997
,On-Demand Streaming (Ad-Supported),Value,1997
,Other Ad-Supported Streaming,Value,1997
,Synchronization,Value,1997
15142.61254,CD,Value (Adjusted),1997
416.4749159,CD Single,Value (Adjusted),1997
2325.509184,Cassette,Value (Adjusted),1997
203.8848598,Cassette Single,Value (Adjusted),1997
50.8566729,LP/EP,Value (Adjusted),1997
54.36929595,Vinyl Single,Value (Adjusted),1997
,8 - Track,Value (Adjusted),1997
,Other Tapes,Value (Adjusted),1997
494.6689595,Music Video (Physical),Value (Adjusted),1997
,DVD Audio,Value (Adjusted),1997
,SACD,Value (Adjusted),1997
,Download Single,Value (Adjusted),1997
,Download Album,Value (Adjusted),1997
,Kiosk,Value (Adjusted),1997
,Download Music Video,Value (Adjusted),1997
,Ringtones & Ringbacks,Value (Adjusted),1997
,Other Digital,Value (Adjusted),1997
,Paid Subscription,Value (Adjusted),1997
,Limited Tier Paid Subscription,Value (Adjusted),1997
,SoundExchange Distributions,Value (Adjusted),1997
,On-Demand Streaming (Ad-Supported),Value (Adjusted),1997
,Other Ad-Supported Streaming,Value (Adjusted),1997
,Synchronization,Value (Adjusted),1997
847,CD,Units,1998
56,CD Single,Units,1998
158.5,Cassette,Units,1998
26.4,Cassette Single,Units,1998
3.4,LP/EP,Units,1998
5.4,Vinyl Single,Units,1998
,8 - Track,Units,1998
,Other Tapes,Units,1998
27.2,Music Video (Physical),Units,1998
,DVD Audio,Units,1998
,SACD,Units,1998
,Download Single,Units,1998
,Download Album,Units,1998
,Kiosk,Units,1998
,Download Music Video,Units,1998
,Ringtones & Ringbacks,Units,1998
,,Units,1998
,Paid Subscriptions,Units,1998
11416,CD,Value,1998
213.2,CD Single,Value,1998
1419.9,Cassette,Value,1998
94.4,Cassette Single,Value,1998
34,LP/EP,Value,1998
25.7,Vinyl Single,Value,1998
,8 - Track,Value,1998
,Other Tapes,Value,1998
508,Music Video (Physical),Value,1998
,DVD Audio,Value,1998
,SACD,Value,1998
,Download Single,Value,1998
,Download Album,Value,1998
,Kiosk,Value,1998
,Download Music Video,Value,1998
,Ringtones & Ringbacks,Value,1998
,Other Digital,Value,1998
,Paid Subscription,Value,1998
,Limited Tier Paid Subscription,Value,1998
,SoundExchange Distributions,Value,1998
,On-Demand Streaming (Ad-Supported),Value,1998
,Other Ad-Supported Streaming,Value,1998
,Synchronization,Value,1998
17167.42282,CD,Value (Adjusted),1998
320.6109448,CD Single,Value (Adjusted),1998
2135.250847,Cassette,Value (Adjusted),1998
141.9590675,Cassette Single,Value (Adjusted),1998
51.12932515,LP/EP,Value (Adjusted),1998
38.6477546,Vinyl Single,Value (Adjusted),1998
,8 - Track,Value (Adjusted),1998
,Other Tapes,Value (Adjusted),1998
763.9322699,Music Video (Physical),Value (Adjusted),1998
,DVD Audio,Value (Adjusted),1998
,SACD,Value (Adjusted),1998
,Download Single,Value (Adjusted),1998
,Download Album,Value (Adjusted),1998
,Kiosk,Value (Adjusted),1998
,Download Music Video,Value (Adjusted),1998
,Ringtones & Ringbacks,Value (Adjusted),1998
,Other Digital,Value (Adjusted),1998
,Paid Subscription,Value (Adjusted),1998
,Limited Tier Paid Subscription,Value (Adjusted),1998
,SoundExchange Distributions,Value (Adjusted),1998
,On-Demand Streaming (Ad-Supported),Value (Adjusted),1998
,Other Ad-Supported Streaming,Value (Adjusted),1998
,Synchronization,Value (Adjusted),1998
938.9,CD,Units,1999
55.9,CD Single,Units,1999
123.6,Cassette,Units,1999
14.2,Cassette Single,Units,1999
2.9,LP/EP,Units,1999
5.3,Vinyl Single,Units,1999
,8 - Track,Units,1999
,Other Tapes,Units,1999
19.8,Music Video (Physical),Units,1999
,DVD Audio,Units,1999
,SACD,Units,1999
,Download Single,Units,1999
,Download Album,Units,1999
,Kiosk,Units,1999
,Download Music Video,Units,1999
,Ringtones & Ringbacks,Units,1999
,,Units,1999
,Paid Subscriptions,Units,1999
12816.3,CD,Value,1999
222.4,CD Single,Value,1999
1061.6,Cassette,Value,1999
48,Cassette Single,Value,1999
31.8,LP/EP,Value,1999
27.9,Vinyl Single,Value,1999
,8 - Track,Value,1999
,Other Tapes,Value,1999
376.7,Music Video (Physical),Value,1999
,DVD Audio,Value,1999
,SACD,Value,1999
,Download Single,Value,1999
,Download Album,Value,1999
,Kiosk,Value,1999
,Download Music Video,Value,1999
,Ringtones & Ringbacks,Value,1999
,Other Digital,Value,1999
,Paid Subscription,Value,1999
,Limited Tier Paid Subscription,Value,1999
,SoundExchange Distributions,Value,1999
,On-Demand Streaming (Ad-Supported),Value,1999
,Other Ad-Supported Streaming,Value,1999
,Synchronization,Value,1999
18856.73143,CD,Value (Adjusted),1999
327.2190156,CD Single,Value (Adjusted),1999
1561.941128,Cassette,Value (Adjusted),1999
70.62280912,Cassette Single,Value (Adjusted),1999
46.78761104,LP/EP,Value (Adjusted),1999
41.0495078,Vinyl Single,Value (Adjusted),1999
,8 - Track,Value (Adjusted),1999
,Other Tapes,Value (Adjusted),1999
554.2419208,Music Video (Physical),Value (Adjusted),1999
,DVD Audio,Value (Adjusted),1999
,SACD,Value (Adjusted),1999
,Download Single,Value (Adjusted),1999
,Download Album,Value (Adjusted),1999
,Kiosk,Value (Adjusted),1999
,Download Music Video,Value (Adjusted),1999
,Ringtones & Ringbacks,Value (Adjusted),1999
,Other Digital,Value (Adjusted),1999
,Paid Subscription,Value (Adjusted),1999
,Limited Tier Paid Subscription,Value (Adjusted),1999
,SoundExchange Distributions,Value (Adjusted),1999
,On-Demand Streaming (Ad-Supported),Value (Adjusted),1999
,Other Ad-Supported Streaming,Value (Adjusted),1999
,Synchronization,Value (Adjusted),1999
942.5,CD,Units,2000
34.2,CD Single,Units,2000
76,Cassette,Units,2000
1.3,Cassette Single,Units,2000
2.2,LP/EP,Units,2000
4.8,Vinyl Single,Units,2000
,8 - Track,Units,2000
,Other Tapes,Units,2000
18.2,Music Video (Physical),Units,2000
,DVD Audio,Units,2000
,SACD,Units,2000
,Download Single,Units,2000
,Download Album,Units,2000
,Kiosk,Units,2000
,Download Music Video,Units,2000
,Ringtones & Ringbacks,Units,2000
,,Units,2000
,Paid Subscriptions,Units,2000
13214.5,CD,Value,2000
142.7,CD Single,Value,2000
626,Cassette,Value,2000
4.6,Cassette Single,Value,2000
27.7,LP/EP,Value,2000
26.3,Vinyl Single,Value,2000
,8 - Track,Value,2000
,Other Tapes,Value,2000
281.9,Music Video (Physical),Value,2000
,DVD Audio,Value,2000
,SACD,Value,2000
,Download Single,Value,2000
,Download Album,Value,2000
,Kiosk,Value,2000
,Download Music Video,Value,2000
,Ringtones & Ringbacks,Value,2000
,Other Digital,Value,2000
,Paid Subscription,Value,2000
,Limited Tier Paid Subscription,Value,2000
,SoundExchange Distributions,Value,2000
,On-Demand Streaming (Ad-Supported),Value,2000
,Other Ad-Supported Streaming,Value,2000
,Synchronization,Value,2000
18810.3266,CD,Value (Adjusted),2000
203.1278978,CD Single,Value (Adjusted),2000
891.0866434,Cassette,Value (Adjusted),2000
6.547921022,Cassette Single,Value (Adjusted),2000
39.42987224,LP/EP,Value (Adjusted),2000
37.43702671,Vinyl Single,Value (Adjusted),2000
,8 - Track,Value (Adjusted),2000
,Other Tapes,Value (Adjusted),2000
401.2736818,Music Video (Physical),Value (Adjusted),2000
,DVD Audio,Value (Adjusted),2000
,SACD,Value (Adjusted),2000
,Download Single,Value (Adjusted),2000
,Download Album,Value (Adjusted),2000
,Kiosk,Value (Adjusted),2000
,Download Music Video,Value (Adjusted),2000
,Ringtones & Ringbacks,Value (Adjusted),2000
,Other Digital,Value (Adjusted),2000
,Paid Subscription,Value (Adjusted),2000
,Limited Tier Paid Subscription,Value (Adjusted),2000
,SoundExchange Distributions,Value (Adjusted),2000
,On-Demand Streaming (Ad-Supported),Value (Adjusted),2000
,Other Ad-Supported Streaming,Value (Adjusted),2000
,Synchronization,Value (Adjusted),2000
881.9,CD,Units,2001
17.3,CD Single,Units,2001
45,Cassette,Units,2001
,Cassette Single,Units,2001
2.3,LP/EP,Units,2001
5.5,Vinyl Single,Units,2001
,8 - Track,Units,2001
,Other Tapes,Units,2001
17.7,Music Video (Physical),Units,2001
0.263,DVD Audio,Units,2001
,SACD,Units,2001
,Download Single,Units,2001
,Download Album,Units,2001
,Kiosk,Units,2001
,Download Music Video,Units,2001
,Ringtones & Ringbacks,Units,2001
,,Units,2001
,Paid Subscriptions,Units,2001
12909.4,CD,Value,2001
79.4,CD Single,Value,2001
363.4,Cassette,Value,2001
,Cassette Single,Value,2001
27.4,LP/EP,Value,2001
31.4,Vinyl Single,Value,2001
,8 - Track,Value,2001
,Other Tapes,Value,2001
329.2,Music Video (Physical),Value,2001
6,DVD Audio,Value,2001
,SACD,Value,2001
,Download Single,Value,2001
,Download Album,Value,2001
,Kiosk,Value,2001
,Download Music Video,Value,2001
,Ringtones & Ringbacks,Value,2001
,Other Digital,Value,2001
,Paid Subscription,Value,2001
,Limited Tier Paid Subscription,Value,2001
,SoundExchange Distributions,Value,2001
,On-Demand Streaming (Ad-Supported),Value,2001
,Other Ad-Supported Streaming,Value,2001
,Synchronization,Value,2001
17867.60095,CD,Value (Adjusted),2001
109.8956973,CD Single,Value (Adjusted),2001
502.9735065,Cassette,Value (Adjusted),2001
,Cassette Single,Value (Adjusted),2001
37.92370412,LP/EP,Value (Adjusted),2001
43.46001129,Vinyl Single,Value (Adjusted),2001
,8 - Track,Value (Adjusted),2001
,Other Tapes,Value (Adjusted),2001
455.6380802,Music Video (Physical),Value (Adjusted),2001
8.304460757,DVD Audio,Value (Adjusted),2001
,SACD,Value (Adjusted),2001
,Download Single,Value (Adjusted),2001
,Download Album,Value (Adjusted),2001
,Kiosk,Value (Adjusted),2001
,Download Music Video,Value (Adjusted),2001
,Ringtones & Ringbacks,Value (Adjusted),2001
,Other Digital,Value (Adjusted),2001
,Paid Subscription,Value (Adjusted),2001
,Limited Tier Paid Subscription,Value (Adjusted),2001
,SoundExchange Distributions,Value (Adjusted),2001
,On-Demand Streaming (Ad-Supported),Value (Adjusted),2001
,Other Ad-Supported Streaming,Value (Adjusted),2001
,Synchronization,Value (Adjusted),2001
803.3,CD,Units,2002
4.5,CD Single,Units,2002
31.1,Cassette,Units,2002
,Cassette Single,Units,2002
1.743,LP/EP,Units,2002
4.4,Vinyl Single,Units,2002
,8 - Track,Units,2002
,Other Tapes,Units,2002
14.7,Music Video (Physical),Units,2002
0.43,DVD Audio,Units,2002
,SACD,Units,2002
,Download Single,Units,2002
,Download Album,Units,2002
,Kiosk,Units,2002
,Download Music Video,Units,2002
,Ringtones & Ringbacks,Units,2002
,,Units,2002
,Paid Subscriptions,Units,2002
12044.1,CD,Value,2002
19.6,CD Single,Value,2002
209.8,Cassette,Value,2002
,Cassette Single,Value,2002
20.5,LP/EP,Value,2002
24.9,Vinyl Single,Value,2002
,8 - Track,Value,2002
,Other Tapes,Value,2002
288.4,Music Video (Physical),Value,2002
8.5,DVD Audio,Value,2002
,SACD,Value,2002
,Download Single,Value,2002
,Download Album,Value,2002
,Kiosk,Value,2002
,Download Music Video,Value,2002
,Ringtones & Ringbacks,Value,2002
,Other Digital,Value,2002
,Paid Subscription,Value,2002
,Limited Tier Paid Subscription,Value,2002
,SoundExchange Distributions,Value,2002
,On-Demand Streaming (Ad-Supported),Value,2002
,Other Ad-Supported Streaming,Value,2002
,Synchronization,Value,2002
16410.50468,CD,Value (Adjusted),2002
26.70568093,CD Single,Value (Adjusted),2002
285.8597888,Cassette,Value (Adjusted),2002
,Cassette Single,Value (Adjusted),2002
27.9319622,LP/EP,Value (Adjusted),2002
33.92711506,Vinyl Single,Value (Adjusted),2002
,8 - Track,Value (Adjusted),2002
,Other Tapes,Value (Adjusted),2002
392.9550195,Music Video (Physical),Value (Adjusted),2002
11.5815453,DVD Audio,Value (Adjusted),2002
,SACD,Value (Adjusted),2002
,Download Single,Value (Adjusted),2002
,Download Album,Value (Adjusted),2002
,Kiosk,Value (Adjusted),2002
,Download Music Video,Value (Adjusted),2002
,Ringtones & Ringbacks,Value (Adjusted),2002
,Other Digital,Value (Adjusted),2002
,Paid Subscription,Value (Adjusted),2002
,Limited Tier Paid Subscription,Value (Adjusted),2002
,SoundExchange Distributions,Value (Adjusted),2002
,On-Demand Streaming (Ad-Supported),Value (Adjusted),2002
,Other Ad-Supported Streaming,Value (Adjusted),2002
,Synchronization,Value (Adjusted),2002
746,CD,Units,2003
8.3,CD Single,Units,2003
17.2,Cassette,Units,2003
,Cassette Single,Units,2003
1.5,LP/EP,Units,2003
3.8,Vinyl Single,Units,2003
,8 - Track,Units,2003
,Other Tapes,Units,2003
19.9,Music Video (Physical),Units,2003
0.4,DVD Audio,Units,2003
1.3,SACD,Units,2003
,Download Single,Units,2003
,Download Album,Units,2003
,Kiosk,Units,2003
,Download Music Video,Units,2003
,Ringtones & Ringbacks,Units,2003
,,Units,2003
,Paid Subscriptions,Units,2003
11232.9,CD,Value,2003
36,CD Single,Value,2003
108.1,Cassette,Value,2003
,Cassette Single,Value,2003
21.7,LP/EP,Value,2003
21.5,Vinyl Single,Value,2003
,8 - Track,Value,2003
,Other Tapes,Value,2003
399.9,Music Video (Physical),Value,2003
8,DVD Audio,Value,2003
26.3,SACD,Value,2003
,Download Single,Value,2003
,Download Album,Value,2003
,Kiosk,Value,2003
,Download Music Video,Value,2003
,Ringtones & Ringbacks,Value,2003
,Other Digital,Value,2003
,Paid Subscription,Value,2003
,Limited Tier Paid Subscription,Value,2003
,SoundExchange Distributions,Value,2003
,On-Demand Streaming (Ad-Supported),Value,2003
,Other Ad-Supported Streaming,Value,2003
,Synchronization,Value,2003
14964.17635,CD,Value (Adjusted),2003
47.95826087,CD Single,Value (Adjusted),2003
144.008,Cassette,Value (Adjusted),2003
,Cassette Single,Value (Adjusted),2003
28.90817391,LP/EP,Value (Adjusted),2003
28.64173913,Vinyl Single,Value (Adjusted),2003
,8 - Track,Value (Adjusted),2003
,Other Tapes,Value (Adjusted),2003
532.7363478,Music Video (Physical),Value (Adjusted),2003
10.6573913,DVD Audio,Value (Adjusted),2003
35.03617391,SACD,Value (Adjusted),2003
,Download Single,Value (Adjusted),2003
,Download Album,Value (Adjusted),2003
,Kiosk,Value (Adjusted),2003
,Download Music Video,Value (Adjusted),2003
,Ringtones & Ringbacks,Value (Adjusted),2003
,Other Digital,Value (Adjusted),2003
,Paid Subscription,Value (Adjusted),2003
,Limited Tier Paid Subscription,Value (Adjusted),2003
,SoundExchange Distributions,Value (Adjusted),2003
,On-Demand Streaming (Ad-Supported),Value (Adjusted),2003
,Other Ad-Supported Streaming,Value (Adjusted),2003
,Synchronization,Value (Adjusted),2003
767,CD,Units,2004
3.1,CD Single,Units,2004
5.2,Cassette,Units,2004
,Cassette Single,Units,2004
1.4,LP/EP,Units,2004
3.5,Vinyl Single,Units,2004
,8 - Track,Units,2004
,Other Tapes,Units,2004
32.8,Music Video (Physical),Units,2004
0.3,DVD Audio,Units,2004
0.8,SACD,Units,2004
139.4,Download Single,Units,2004
4.6,Download Album,Units,2004
,Kiosk,Units,2004
,Download Music Video,Units,2004
,Ringtones & Ringbacks,Units,2004
,,Units,2004
,Paid Subscriptions,Units,2004
11446.5,CD,Value,2004
15,CD Single,Value,2004
23.7,Cassette,Value,2004
,Cassette Single,Value,2004
19.3,LP/EP,Value,2004
19.9,Vinyl Single,Value,2004
,8 - Track,Value,2004
,Other Tapes,Value,2004
607.2,Music Video (Physical),Value,2004
6.5,DVD Audio,Value,2004
16.6,SACD,Value,2004
138,Download Single,Value,2004
45.5,Download Album,Value,2004
,Kiosk,Value,2004
,Download Music Video,Value,2004
,Ringtones & Ringbacks,Value,2004
,Other Digital,Value,2004
,Paid Subscription,Value,2004
,Limited Tier Paid Subscription,Value,2004
6.9,SoundExchange Distributions,Value,2004
,On-Demand Streaming (Ad-Supported),Value,2004
,Other Ad-Supported Streaming,Value,2004
,Synchronization,Value,2004
14853.182,CD,Value (Adjusted),2004
19.46426681,CD Single,Value (Adjusted),2004
30.75354156,Cassette,Value (Adjusted),2004
,Cassette Single,Value (Adjusted),2004
25.04402329,LP/EP,Value (Adjusted),2004
25.82259397,Vinyl Single,Value (Adjusted),2004
,8 - Track,Value (Adjusted),2004
,Other Tapes,Value (Adjusted),2004
787.9135204,Music Video (Physical),Value (Adjusted),2004
8.434515617,DVD Audio,Value (Adjusted),2004
21.54045527,SACD,Value (Adjusted),2004
179.0712546,Download Single,Value (Adjusted),2004
59.04160932,Download Album,Value (Adjusted),2004
,Kiosk,Value (Adjusted),2004
,Download Music Video,Value (Adjusted),2004
,Ringtones & Ringbacks,Value (Adjusted),2004
,Other Digital,Value (Adjusted),2004
,Paid Subscription,Value (Adjusted),2004
,Limited Tier Paid Subscription,Value (Adjusted),2004
8.953562732,SoundExchange Distributions,Value (Adjusted),2004
,On-Demand Streaming (Ad-Supported),Value (Adjusted),2004
,Other Ad-Supported Streaming,Value (Adjusted),2004
,Synchronization,Value (Adjusted),2004
705.4,CD,Units,2005
2.8,CD Single,Units,2005
2.5,Cassette,Units,2005
,Cassette Single,Units,2005
1,LP/EP,Units,2005
2.3,Vinyl Single,Units,2005
,8 - Track,Units,2005
,Other Tapes,Units,2005
33.8,Music Video (Physical),Units,2005
0.5,DVD Audio,Units,2005
0.5,SACD,Units,2005
366.9,Download Single,Units,2005
13.6,Download Album,Units,2005
0.7,Kiosk,Units,2005
1.9,Download Music Video,Units,2005
170,Ringtones & Ringbacks,Units,2005
,,Units,2005
1.3,Paid Subscriptions,Units,2005
10520.2,CD,Value,2005
10.9,CD Single,Value,2005
13.1,Cassette,Value,2005
,Cassette Single,Value,2005
14.2,LP/EP,Value,2005
13.2,Vinyl Single,Value,2005
,8 - Track,Value,2005
,Other Tapes,Value,2005
602.2,Music Video (Physical),Value,2005
11.2,DVD Audio,Value,2005
10,SACD,Value,2005
363.3,Download Single,Value,2005
135.7,Download Album,Value,2005
1,Kiosk,Value,2005
3.7,Download Music Video,Value,2005
421.6,Ringtones & Ringbacks,Value,2005
,Other Digital,Value,2005
149.2,Paid Subscription,Value,2005
,Limited Tier Paid Subscription,Value,2005
20.4,SoundExchange Distributions,Value,2005
,On-Demand Streaming (Ad-Supported),Value,2005
,Other Ad-Supported Streaming,Value,2005
,Synchronization,Value,2005
13203.84754,CD,Value (Adjusted),2005
13.68053251,CD Single,Value (Adjusted),2005
16.44174091,Cassette,Value (Adjusted),2005
,Cassette Single,Value (Adjusted),2005
17.82234511,LP/EP,Value (Adjusted),2005
16.56725038,Vinyl Single,Value (Adjusted),2005
,8 - Track,Value (Adjusted),2005
,Other Tapes,Value (Adjusted),2005
755.818044,Music Video (Physical),Value (Adjusted),2005
14.05706093,DVD Audio,Value (Adjusted),2005
12.55094726,SACD,Value (Adjusted),2005
455.975914,Download Single,Value (Adjusted),2005
170.3163543,Download Album,Value (Adjusted),2005
1.255094726,Kiosk,Value (Adjusted),2005
4.643850486,Download Music Video,Value (Adjusted),2005
529.1479365,Ringtones & Ringbacks,Value (Adjusted),2005
,Other Digital,Value (Adjusted),2005
187.2601331,Paid Subscription,Value (Adjusted),2005
,Limited Tier Paid Subscription,Value (Adjusted),2005
25.60393241,SoundExchange Distributions,Value (Adjusted),2005
,On-Demand Streaming (Ad-Supported),Value (Adjusted),2005
,Other Ad-Supported Streaming,Value (Adjusted),2005
,Synchronization,Value (Adjusted),2005
619.7,CD,Units,2006
1.7,CD Single,Units,2006
0.7,Cassette,Units,2006
,Cassette Single,Units,2006
0.9,LP/EP,Units,2006
1.5,Vinyl Single,Units,2006
,8 - Track,Units,2006
,Other Tapes,Units,2006
23.2,Music Video (Physical),Units,2006
0.1,DVD Audio,Units,2006
0.3,SACD,Units,2006
586.4,Download Single,Units,2006
27.6,Download Album,Units,2006
1.4,Kiosk,Units,2006
9.9,Download Music Video,Units,2006
315,Ringtones & Ringbacks,Units,2006
,,Units,2006
1.7,Paid Subscriptions,Units,2006
9372.6,CD,Value,2006
7.7,CD Single,Value,2006
3.7,Cassette,Value,2006
,Cassette Single,Value,2006
15.7,LP/EP,Value,2006
9.9,Vinyl Single,Value,2006
,8 - Track,Value,2006
,Other Tapes,Value,2006
451.1,Music Video (Physical),Value,2006
2.4,DVD Audio,Value,2006
5.5,SACD,Value,2006
580.6,Download Single,Value,2006
275.9,Download Album,Value,2006
1.9,Kiosk,Value,2006
19.7,Download Music Video,Value,2006
773.8,Ringtones & Ringbacks,Value,2006
,Other Digital,Value,2006
206.2,Paid Subscription,Value,2006
,Limited Tier Paid Subscription,Value,2006
32.8,SoundExchange Distributions,Value,2006
,On-Demand Streaming (Ad-Supported),Value,2006
,Other Ad-Supported Streaming,Value,2006
,Synchronization,Value,2006
11395.89143,CD,Value (Adjusted),2006
9.362222222,CD Single,Value (Adjusted),2006
4.498730159,Cassette,Value (Adjusted),2006
,Cassette Single,Value (Adjusted),2006
19.08920635,LP/EP,Value (Adjusted),2006
12.03714286,Vinyl Single,Value (Adjusted),2006
,8 - Track,Value (Adjusted),2006
,Other Tapes,Value (Adjusted),2006
548.4803175,Music Video (Physical),Value (Adjusted),2006
2.918095238,DVD Audio,Value (Adjusted),2006
6.687301587,SACD,Value (Adjusted),2006
705.935873,Download Single,Value (Adjusted),2006
335.4593651,Download Album,Value (Adjusted),2006
2.31015873,Kiosk,Value (Adjusted),2006
23.95269841,Download Music Video,Value (Adjusted),2006
940.8425397,Ringtones & Ringbacks,Value (Adjusted),2006
,Other Digital,Value (Adjusted),2006
250.7130159,Paid Subscription,Value (Adjusted),2006
,Limited Tier Paid Subscription,Value (Adjusted),2006
39.88063492,SoundExchange Distributions,Value (Adjusted),2006
,On-Demand Streaming (Ad-Supported),Value (Adjusted),2006
,Other Ad-Supported Streaming,Value (Adjusted),2006
,Synchronization,Value (Adjusted),2006
499.7,CD,Units,2007
2.6,CD Single,Units,2007
0.4,Cassette,Units,2007
,Cassette Single,Units,2007
1.3,LP/EP,Units,2007
0.6,Vinyl Single,Units,2007
,8 - Track,Units,2007
,Other Tapes,Units,2007
27.5,Music Video (Physical),Units,2007
0.2,DVD Audio,Units,2007
0.2,SACD,Units,2007
819.4,Download Single,Units,2007
49.8,Download Album,Units,2007
1.8,Kiosk,Units,2007
14.2,Download Music Video,Units,2007
433.8,Ringtones & Ringbacks,Units,2007
,,Units,2007
1.8,Paid Subscriptions,Units,2007
7452.3,CD,Value,2007
12.2,CD Single,Value,2007
3,Cassette,Value,2007
,Cassette Single,Value,2007
22.9,LP/EP,Value,2007
4,Vinyl Single,Value,2007
,8 - Track,Value,2007
,Other Tapes,Value,2007
484.9,Music Video (Physical),Value,2007
2.8,DVD Audio,Value,2007
3.6,SACD,Value,2007
811,Download Single,Value,2007
497.4,Download Album,Value,2007
2.6,Kiosk,Value,2007
28.2,Download Music Video,Value,2007
1055.8,Ringtones & Ringbacks,Value,2007
,Other Digital,Value,2007
234,Paid Subscription,Value,2007
,Limited Tier Paid Subscription,Value,2007
36.2,SoundExchange Distributions,Value,2007
,On-Demand Streaming (Ad-Supported),Value,2007
,Other Ad-Supported Streaming,Value,2007
,Synchronization,Value,2007
8811.90437,CD,Value (Adjusted),2007
14.42577906,CD Single,Value (Adjusted),2007
3.547322721,Cassette,Value (Adjusted),2007
,Cassette Single,Value (Adjusted),2007
27.07789677,LP/EP,Value (Adjusted),2007
4.729763628,Vinyl Single,Value (Adjusted),2007
,8 - Track,Value (Adjusted),2007
,Other Tapes,Value (Adjusted),2007
573.3655958,Music Video (Physical),Value (Adjusted),2007
3.310834539,DVD Audio,Value (Adjusted),2007
4.256787265,SACD,Value (Adjusted),2007
958.9595755,Download Single,Value (Adjusted),2007
588.1461071,Download Album,Value (Adjusted),2007
3.074346358,Kiosk,Value (Adjusted),2007
33.34483358,Download Music Video,Value (Adjusted),2007
1248.42111,Ringtones & Ringbacks,Value (Adjusted),2007
,Other Digital,Value (Adjusted),2007
276.6911722,Paid Subscription,Value (Adjusted),2007
,Limited Tier Paid Subscription,Value (Adjusted),2007
42.80436083,SoundExchange Distributions,Value (Adjusted),2007
,On-Demand Streaming (Ad-Supported),Value (Adjusted),2007
,Other Ad-Supported Streaming,Value (Adjusted),2007
,Synchronization,Value (Adjusted),2007
368.4,CD,Units,2008
0.7,CD Single,Units,2008
0.1,Cassette,Units,2008
,Cassette Single,Units,2008
2.9,LP/EP,Units,2008
0.4,Vinyl Single,Units,2008
,8 - Track,Units,2008
,Other Tapes,Units,2008
13.2,Music Video (Physical),Units,2008
0.04,DVD Audio,Units,2008
0.1,SACD,Units,2008
1042.7,Download Single,Units,2008
63.6,Download Album,Units,2008
1.6,Kiosk,Units,2008
20.8,Download Music Video,Units,2008
405.1,Ringtones & Ringbacks,Units,2008
,,Units,2008
1.6,Paid Subscriptions,Units,2008
5471.3,CD,Value,2008
3.5,CD Single,Value,2008
0.9,Cassette,Value,2008
,Cassette Single,Value,2008
56.7,LP/EP,Value,2008
2.9,Vinyl Single,Value,2008
,8 - Track,Value,2008
,Other Tapes,Value,2008
227.3,Music Video (Physical),Value,2008
1.2,DVD Audio,Value,2008
3.1,SACD,Value,2008
1032.2,Download Single,Value,2008
635.3,Download Album,Value,2008
2.6,Kiosk,Value,2008
41.3,Download Music Video,Value,2008
977.1,Ringtones & Ringbacks,Value,2008
,Other Digital,Value,2008
221.4,Paid Subscription,Value,2008
,Limited Tier Paid Subscription,Value,2008
100,SoundExchange Distributions,Value,2008
,On-Demand Streaming (Ad-Supported),Value,2008
,Other Ad-Supported Streaming,Value,2008
,Synchronization,Value,2008
6229.012396,CD,Value (Adjusted),2008
3.98470992,CD Single,Value (Adjusted),2008
1.024639694,Cassette,Value (Adjusted),2008
,Cassette Single,Value (Adjusted),2008
64.55230071,LP/EP,Value (Adjusted),2008
3.301616791,Vinyl Single,Value (Adjusted),2008
,8 - Track,Value (Adjusted),2008
,Other Tapes,Value (Adjusted),2008
258.7784471,Music Video (Physical),Value (Adjusted),2008
1.366186258,DVD Audio,Value (Adjusted),2008
3.529314501,SACD,Value (Adjusted),2008
1175.14788,Download Single,Value (Adjusted),2008
723.281775,Download Album,Value (Adjusted),2008
2.960070227,Kiosk,Value (Adjusted),2008
47.01957706,Download Music Video,Value (Adjusted),2008
1112.417161,Ringtones & Ringbacks,Value (Adjusted),2008
,Other Digital,Value (Adjusted),2008
252.0613647,Paid Subscription,Value (Adjusted),2008
,Limited Tier Paid Subscription,Value (Adjusted),2008
113.8488549,SoundExchange Distributions,Value (Adjusted),2008
,On-Demand Streaming (Ad-Supported),Value (Adjusted),2008
,Other Ad-Supported Streaming,Value (Adjusted),2008
,Synchronization,Value (Adjusted),2008
296.6,CD,Units,2009
0.9,CD Single,Units,2009
,Cassette,Units,2009
,Cassette Single,Units,2009
3.5,LP/EP,Units,2009
0.3,Vinyl Single,Units,2009
,8 - Track,Units,2009
,Other Tapes,Units,2009
11.6,Music Video (Physical),Units,2009
0.1,DVD Audio,Units,2009
0.1,SACD,Units,2009
1124.4,Download Single,Units,2009
74.5,Download Album,Units,2009
1.7,Kiosk,Units,2009
20.5,Download Music Video,Units,2009
294.3,Ringtones & Ringbacks,Units,2009
,,Units,2009
1.2,Paid Subscriptions,Units,2009
4318.8,CD,Value,2009
3.1,CD Single,Value,2009
0,Cassette,Value,2009
,Cassette Single,Value,2009
63.8,LP/EP,Value,2009
2.5,Vinyl Single,Value,2009
,8 - Track,Value,2009
,Other Tapes,Value,2009
209.6,Music Video (Physical),Value,2009
1.6,DVD Audio,Value,2009
2.4,SACD,Value,2009
1172,Download Single,Value,2009
744.3,Download Album,Value,2009
6.3,Kiosk,Value,2009
40.9,Download Music Video,Value,2009
702.8,Ringtones & Ringbacks,Value,2009
,Other Digital,Value,2009
206.2,Paid Subscription,Value,2009
,Limited Tier Paid Subscription,Value,2009
155.5,SoundExchange Distributions,Value,2009
,On-Demand Streaming (Ad-Supported),Value,2009
,Other Ad-Supported Streaming,Value,2009
201.2,Synchronization,Value,2009
4934.460051,CD,Value (Adjusted),2009
3.541915847,CD Single,Value (Adjusted),2009
,Cassette,Value (Adjusted),2009
,Cassette Single,Value (Adjusted),2009
72.89491323,LP/EP,Value (Adjusted),2009
2.856383747,Vinyl Single,Value (Adjusted),2009
,8 - Track,Value (Adjusted),2009
,Other Tapes,Value (Adjusted),2009
239.4792134,Music Video (Physical),Value (Adjusted),2009
1.828085598,DVD Audio,Value (Adjusted),2009
2.742128397,SACD,Value (Adjusted),2009
1339.072701,Download Single,Value (Adjusted),2009
850.4025693,Download Album,Value (Adjusted),2009
7.198087043,Kiosk,Value (Adjusted),2009
46.73043811,Download Music Video,Value (Adjusted),2009
802.986599,Ringtones & Ringbacks,Value (Adjusted),2009
,Other Digital,Value (Adjusted),2009
235.5945315,Paid Subscription,Value (Adjusted),2009
,Limited Tier Paid Subscription,Value (Adjusted),2009
177.6670691,SoundExchange Distributions,Value (Adjusted),2009
,On-Demand Streaming (Ad-Supported),Value (Adjusted),2009
,Other Ad-Supported Streaming,Value (Adjusted),2009
229.881764,Synchronization,Value (Adjusted),2009
253,CD,Units,2010
1,CD Single,Units,2010
,Cassette,Units,2010
,Cassette Single,Units,2010
4.2,LP/EP,Units,2010
0.3,Vinyl Single,Units,2010
,8 - Track,Units,2010
,Other Tapes,Units,2010
9.1,Music Video (Physical),Units,2010
0.04,DVD Audio,Units,2010
0.1,SACD,Units,2010
1177.4,Download Single,Units,2010
85.8,Download Album,Units,2010
1.7,Kiosk,Units,2010
18.4,Download Music Video,Units,2010
188.5,Ringtones & Ringbacks,Units,2010
,,Units,2010
1.5,Paid Subscriptions,Units,2010
3389.4,CD,Value,2010
2.9,CD Single,Value,2010
,Cassette,Value,2010
,Cassette Single,Value,2010
88.9,LP/EP,Value,2010
2.3,Vinyl Single,Value,2010
,8 - Track,Value,2010
,Other Tapes,Value,2010
177.6,Music Video (Physical),Value,2010
0.9,DVD Audio,Value,2010
1.7,SACD,Value,2010
1336.4,Download Single,Value,2010
872.4,Download Album,Value,2010
6.4,Kiosk,Value,2010
36.6,Download Music Video,Value,2010
448,Ringtones & Ringbacks,Value,2010
,Other Digital,Value,2010
212.4,Paid Subscription,Value,2010
,Limited Tier Paid Subscription,Value,2010
249.2,SoundExchange Distributions,Value,2010
,On-Demand Streaming (Ad-Supported),Value,2010
,Other Ad-Supported Streaming,Value,2010
188.7,Synchronization,Value,2010
3810.075063,CD,Value (Adjusted),2010
3.259933228,CD Single,Value (Adjusted),2010
,Cassette,Value (Adjusted),2010
,Cassette Single,Value (Adjusted),2010
99.93381517,LP/EP,Value (Adjusted),2010
2.585464284,Vinyl Single,Value (Adjusted),2010
,8 - Track,Value (Adjusted),2010
,Other Tapes,Value (Adjusted),2010
199.6428074,Music Video (Physical),Value (Adjusted),2010
1.011703416,DVD Audio,Value (Adjusted),2010
1.910995341,SACD,Value (Adjusted),2010
1502.267161,Download Single,Value (Adjusted),2010
980.6778442,Download Album,Value (Adjusted),2010
7.1943354,Kiosk,Value (Adjusted),2010
41.14260557,Download Music Video,Value (Adjusted),2010
503.603478,Ringtones & Ringbacks,Value (Adjusted),2010
,Other Digital,Value (Adjusted),2010
238.7620061,Paid Subscription,Value (Adjusted),2010
,Limited Tier Paid Subscription,Value (Adjusted),2010
280.1294346,SoundExchange Distributions,Value (Adjusted),2010
,On-Demand Streaming (Ad-Supported),Value (Adjusted),2010
,Other Ad-Supported Streaming,Value (Adjusted),2010
212.1204828,Synchronization,Value (Adjusted),2010
240.8,CD,Units,2011
1.3,CD Single,Units,2011
,Cassette,Units,2011
,Cassette Single,Units,2011
5.5,LP/EP,Units,2011
0.4,Vinyl Single,Units,2011
,8 - Track,Units,2011
,Other Tapes,Units,2011
7.7,Music Video (Physical),Units,2011
0.01,DVD Audio,Units,2011
0.1,SACD,Units,2011
1332.3,Download Single,Units,2011
103.9,Download Album,Units,2011
1.3,Kiosk,Units,2011
16.3,Download Music Video,Units,2011
115.4,Ringtones & Ringbacks,Units,2011
,,Units,2011
1.8,Paid Subscriptions,Units,2011
3100.7,CD,Value,2011
3.5,CD Single,Value,2011
,Cassette,Value,2011
,Cassette Single,Value,2011
119.4,LP/EP,Value,2011
4.6,Vinyl Single,Value,2011
,8 - Track,Value,2011
,Other Tapes,Value,2011
151,Music Video (Physical),Value,2011
0.3,DVD Audio,Value,2011
1.5,SACD,Value,2011
1522.4,Download Single,Value,2011
1070.8,Download Album,Value,2011
2.7,Kiosk,Value,2011
32.4,Download Music Video,Value,2011
276.2,Ringtones & Ringbacks,Value,2011
,Other Digital,Value,2011
247.8,Paid Subscription,Value,2011
,Limited Tier Paid Subscription,Value,2011
292,SoundExchange Distributions,Value,2011
113.8,On-Demand Streaming (Ad-Supported),Value,2011
,Other Ad-Supported Streaming,Value,2011
196.5,Synchronization,Value,2011
3378.887538,CD,Value (Adjusted),2011
3.814011799,CD Single,Value (Adjusted),2011
,Cassette,Value (Adjusted),2011
,Cassette Single,Value (Adjusted),2011
130.1122882,LP/EP,Value (Adjusted),2011
5.012701221,Vinyl Single,Value (Adjusted),2011
,8 - Track,Value (Adjusted),2011
,Other Tapes,Value (Adjusted),2011
164.5473662,Music Video (Physical),Value (Adjusted),2011
0.326915297,DVD Audio,Value (Adjusted),2011
1.634576485,SACD,Value (Adjusted),2011
1658.986161,Download Single,Value (Adjusted),2011
1166.869667,Download Album,Value (Adjusted),2011
2.942237673,Kiosk,Value (Adjusted),2011
35.30685208,Download Music Video,Value (Adjusted),2011
300.9800168,Ringtones & Ringbacks,Value (Adjusted),2011
,Other Digital,Value (Adjusted),2011
270.0320354,Paid Subscription,Value (Adjusted),2011
,Limited Tier Paid Subscription,Value (Adjusted),2011
318.1975558,SoundExchange Distributions,Value (Adjusted),2011
124.0098693,On-Demand Streaming (Ad-Supported),Value (Adjusted),2011
,Other Ad-Supported Streaming,Value (Adjusted),2011
214.1295196,Synchronization,Value (Adjusted),2011
198.164,CD,Units,2012
1.073,CD Single,Units,2012
,Cassette,Units,2012
,Cassette Single,Units,2012
6.915,LP/EP,Units,2012
0.389,Vinyl Single,Units,2012
,8 - Track,Units,2012
,Other Tapes,Units,2012
6.033,Music Video (Physical),Units,2012
0.009,DVD Audio,Units,2012
0.065,SACD,Units,2012
1402.739,Download Single,Units,2012
116.734,Download Album,Units,2012
1.955,Kiosk,Units,2012
10.473,Download Music Video,Units,2012
58.757,Ringtones & Ringbacks,Units,2012
,,Units,2012
3.36,Paid Subscriptions,Units,2012
2485.615,CD,Value,2012
3.225,CD Single,Value,2012
,Cassette,Value,2012
,Cassette Single,Value,2012
160.723,LP/EP,Value,2012
4.743,Vinyl Single,Value,2012
,8 - Track,Value,2012
,Other Tapes,Value,2012
116.614,Music Video (Physical),Value,2012
0.183,DVD Audio,Value,2012
1.343,SACD,Value,2012
1644.571,Download Single,Value,2012
1204.822,Download Album,Value,2012
3.654,Kiosk,Value,2012
20.842,Download Music Video,Value,2012
145.993,Ringtones & Ringbacks,Value,2012
,Other Digital,Value,2012
399.883,Paid Subscription,Value,2012
,Limited Tier Paid Subscription,Value,2012
462,SoundExchange Distributions,Value,2012
170.935,On-Demand Streaming (Ad-Supported),Value,2012
,Other Ad-Supported Streaming,Value,2012
190.598,Synchronization,Value,2012
2653.701529,CD,Value (Adjusted),2012
3.443086492,CD Single,Value (Adjusted),2012
,Cassette,Value (Adjusted),2012
,Cassette Single,Value (Adjusted),2012
171.5916869,LP/EP,Value (Adjusted),2012
5.063739296,Vinyl Single,Value (Adjusted),2012
,8 - Track,Value (Adjusted),2012
,Other Tapes,Value (Adjusted),2012
124.4998723,Music Video (Physical),Value (Adjusted),2012
0.19537514,DVD Audio,Value (Adjusted),2012
1.433818654,SACD,Value (Adjusted),2012
1755.783006,Download Single,Value (Adjusted),2012
1286.296544,Download Album,Value (Adjusted),2012
3.901097067,Kiosk,Value (Adjusted),2012
22.25141354,Download Music Video,Value (Adjusted),2012
155.8655895,Ringtones & Ringbacks,Value (Adjusted),2012
,Other Digital,Value (Adjusted),2012
426.9245754,Paid Subscription,Value (Adjusted),2012
,Limited Tier Paid Subscription,Value (Adjusted),2012
493.2421579,SoundExchange Distributions,Value (Adjusted),2012
182.4942603,On-Demand Streaming (Ad-Supported),Value (Adjusted),2012
,Other Ad-Supported Streaming,Value (Adjusted),2012
203.4869455,Synchronization,Value (Adjusted),2012
173.793,CD,Units,2013
0.629,CD Single,Units,2013
,Cassette,Units,2013
,Cassette Single,Units,2013
9.351,LP/EP,Units,2013
0.316,Vinyl Single,Units,2013
,8 - Track,Units,2013
,Other Tapes,Units,2013
4.815,Music Video (Physical),Units,2013
,DVD Audio,Units,2013
0.045,SACD,Units,2013
1332.795,Download Single,Units,2013
117.979,Download Album,Units,2013
3.744,Kiosk,Units,2013
8.412,Download Music Video,Units,2013
39.366,Ringtones & Ringbacks,Units,2013
,,Units,2013
6.16,Paid Subscriptions,Units,2013
2140.918,CD,Value,2013
2.446,CD Single,Value,2013
,Cassette,Value,2013
,Cassette Single,Value,2013
210.739,LP/EP,Value,2013
2.979,Vinyl Single,Value,2013
,8 - Track,Value,2013
,Other Tapes,Value,2013
106.283,Music Video (Physical),Value,2013
,DVD Audio,Value,2013
0.978,SACD,Value,2013
1573.421,Download Single,Value,2013
1232.14,Download Album,Value,2013
6.184,Kiosk,Value,2013
16.741,Download Music Video,Value,2013
98,Ringtones & Ringbacks,Value,2013
,Other Digital,Value,2013
643.324,Paid Subscription,Value,2013
,Limited Tier Paid Subscription,Value,2013
590.4,SoundExchange Distributions,Value,2013
220.874,On-Demand Streaming (Ad-Supported),Value,2013
,Other Ad-Supported Streaming,Value,2013
189.679,Synchronization,Value,2013
2252.698224,CD,Value (Adjusted),2013
2.573708968,CD Single,Value (Adjusted),2013
,Cassette,Value (Adjusted),2013
,Cassette Single,Value (Adjusted),2013
221.7419682,LP/EP,Value (Adjusted),2013
3.134537619,Vinyl Single,Value (Adjusted),2013
,8 - Track,Value (Adjusted),2013
,Other Tapes,Value (Adjusted),2013
111.8321792,Music Video (Physical),Value (Adjusted),2013
,DVD Audio,Value (Adjusted),2013
1.029062703,SACD,Value (Adjusted),2013
1655.571438,Download Single,Value (Adjusted),2013
1296.471696,Download Album,Value (Adjusted),2013
6.506875003,Kiosk,Value (Adjusted),2013
17.61507025,Download Music Video,Value (Adjusted),2013
103.1167125,Ringtones & Ringbacks,Value (Adjusted),2013
,Other Digital,Value (Adjusted),2013
676.912816,Paid Subscription,Value (Adjusted),2013
,Limited Tier Paid Subscription,Value (Adjusted),2013
621.2255824,SoundExchange Distributions,Value (Adjusted),2013
232.4061302,On-Demand Streaming (Ad-Supported),Value (Adjusted),2013
,Other Ad-Supported Streaming,Value (Adjusted),2013
199.5823971,Synchronization,Value (Adjusted),2013
138.702,CD,Units,2014
0.929,CD Single,Units,2014
,Cassette,Units,2014
,Cassette Single,Units,2014
10.316,LP/EP,Units,2014
0.481,Vinyl Single,Units,2014
,8 - Track,Units,2014
,Other Tapes,Units,2014
4.065,Music Video (Physical),Units,2014
0.067,DVD Audio,Units,2014
0.03,SACD,Units,2014
1154.379,Download Single,Units,2014
114.23,Download Album,Units,2014
1.592,Kiosk,Units,2014
6.823,Download Music Video,Units,2014
26.632,Ringtones & Ringbacks,Units,2014
,,Units,2014
7.73,Paid Subscriptions,Units,2014
1776.249,CD,Value,2014
3.616,CD Single,Value,2014
,Cassette,Value,2014
,Cassette Single,Value,2014
243.847,LP/EP,Value,2014
5.499,Vinyl Single,Value,2014
,8 - Track,Value,2014
,Other Tapes,Value,2014
89.706,Music Video (Physical),Value,2014
2.139,DVD Audio,Value,2014
0.763,SACD,Value,2014
1355.331,Download Single,Value,2014
1117.9,Download Album,Value,2014
2.583,Kiosk,Value,2014
13.577,Download Music Video,Value,2014
66.311,Ringtones & Ringbacks,Value,2014
,Other Digital,Value,2014
770.271,Paid Subscription,Value,2014
,Limited Tier Paid Subscription,Value,2014
773.4,SoundExchange Distributions,Value,2014
283.793,On-Demand Streaming (Ad-Supported),Value,2014
,Other Ad-Supported Streaming,Value,2014
189.713,Synchronization,Value,2014
1839.154818,CD,Value (Adjusted),2014
3.744060557,CD Single,Value (Adjusted),2014
,Cassette,Value (Adjusted),2014
,Cassette Single,Value (Adjusted),2014
252.4828359,LP/EP,Value (Adjusted),2014
5.693746959,Vinyl Single,Value (Adjusted),2014
,8 - Track,Value (Adjusted),2014
,Other Tapes,Value (Adjusted),2014
92.88293593,Music Video (Physical),Value (Adjusted),2014
2.214752636,DVD Audio,Value (Adjusted),2014
0.790021627,SACD,Value (Adjusted),2014
1403.330016,Download Single,Value (Adjusted),2014
1157.490403,Download Album,Value (Adjusted),2014
2.674476886,Kiosk,Value (Adjusted),2014
14.05782914,Download Music Video,Value (Adjusted),2014
68.65940254,Ringtones & Ringbacks,Value (Adjusted),2014
,Other Digital,Value (Adjusted),2014
797.5501298,Paid Subscription,Value (Adjusted),2014
,Limited Tier Paid Subscription,Value (Adjusted),2014
800.7899432,SoundExchange Distributions,Value (Adjusted),2014
293.8435226,On-Demand Streaming (Ad-Supported),Value (Adjusted),2014
,Other Ad-Supported Streaming,Value (Adjusted),2014
196.4316815,Synchronization,Value (Adjusted),2014
117.144,CD,Units,2015
0.387,CD Single,Units,2015
,Cassette,Units,2015
,Cassette Single,Units,2015
13.681,LP/EP,Units,2015
0.508,Vinyl Single,Units,2015
,8 - Track,Units,2015
,Other Tapes,Units,2015
3.133,Music Video (Physical),Units,2015
0.18,DVD Audio,Units,2015
0.042,SACD,Units,2015
986.255,Download Single,Units,2015
106.784,Download Album,Units,2015
2.203,Kiosk,Units,2015
3.223,Download Music Video,Units,2015
21.925,Ringtones & Ringbacks,Units,2015
,,Units,2015
10.84,Paid Subscriptions,Units,2015
1444.993,CD,Value,2015
1.197,CD Single,Value,2015
,Cassette,Value,2015
,Cassette Single,Value,2015
333.38,LP/EP,Value,2015
5.753,Vinyl Single,Value,2015
,8 - Track,Value,2015
,Other Tapes,Value,2015
70.434,Music Video (Physical),Value,2015
5.416,DVD Audio,Value,2015
1.043,SACD,Value,2015
1185.238,Download Single,Value,2015
1064.434,Download Album,Value,2015
3.7,Kiosk,Value,2015
6.414,Download Music Video,Value,2015
54.582,Ringtones & Ringbacks,Value,2015
,Other Digital,Value,2015
1156.709,Paid Subscription,Value,2015
,Limited Tier Paid Subscription,Value,2015
802.6,SoundExchange Distributions,Value,2015
371.99,On-Demand Streaming (Ad-Supported),Value,2015
,Other Ad-Supported Streaming,Value,2015
202.935,Synchronization,Value,2015
1494.393584,CD,Value (Adjusted),2015
1.237922343,CD Single,Value (Adjusted),2015
,Cassette,Value (Adjusted),2015
,Cassette Single,Value (Adjusted),2015
344.7774025,LP/EP,Value (Adjusted),2015
5.949680234,Vinyl Single,Value (Adjusted),2015
,8 - Track,Value (Adjusted),2015
,Other Tapes,Value (Adjusted),2015
72.84195682,Music Video (Physical),Value (Adjusted),2015
5.601159073,DVD Audio,Value (Adjusted),2015
1.07865748,SACD,Value (Adjusted),2015
1225.758231,Download Single,Value (Adjusted),2015
1100.824253,Download Album,Value (Adjusted),2015
3.826493458,Kiosk,Value (Adjusted),2015
6.633278119,Download Music Video,Value (Adjusted),2015
56.44801782,Ringtones & Ringbacks,Value (Adjusted),2015
,Other Digital,Value (Adjusted),2015
1196.253898,Paid Subscription,Value (Adjusted),2015
,Limited Tier Paid Subscription,Value (Adjusted),2015
830.0388242,SoundExchange Distributions,Value (Adjusted),2015
384.7073788,On-Demand Streaming (Ad-Supported),Value (Adjusted),2015
,Other Ad-Supported Streaming,Value (Adjusted),2015
209.8728243,Synchronization,Value (Adjusted),2015
97.577,CD,Units,2016
0.122,CD Single,Units,2016
,Cassette,Units,2016
,Cassette Single,Units,2016
14.771,LP/EP,Units,2016
0.404,Vinyl Single,Units,2016
,8 - Track,Units,2016
,Other Tapes,Units,2016
2.496,Music Video (Physical),Units,2016
0.086,DVD Audio,Units,2016
0.045,SACD,Units,2016
743.003,Download Single,Units,2016
85.123,Download Album,Units,2016
1.749,Kiosk,Units,2016
2.145,Download Music Video,Units,2016
22.621,Ringtones & Ringbacks,Units,2016
,,Units,2016
22.68,Paid Subscriptions,Units,2016
1130.765,CD,Value,2016
0.263,CD Single,Value,2016
,Cassette,Value,2016
,Cassette Single,Value,2016
355.431,LP/EP,Value,2016
4.881,Vinyl Single,Value,2016
,8 - Track,Value,2016
,Other Tapes,Value,2016
56.923,Music Video (Physical),Value,2016
2.836,DVD Audio,Value,2016
1.207,SACD,Value,2016
872.893,Download Single,Value,2016
818.797,Download Album,Value,2016
2.775,Kiosk,Value,2016
4.31,Download Music Video,Value,2016
51.034,Ringtones & Ringbacks,Value,2016
17.142,Other Digital,Value,2016
2244.154,Paid Subscription,Value,2016
263.364,Limited Tier Paid Subscription,Value,2016
883.9,SoundExchange Distributions,Value,2016
489.378,On-Demand Streaming (Ad-Supported),Value,2016
81.261,Other Ad-Supported Streaming,Value,2016
204.434,Synchronization,Value,2016
1154.854303,CD,Value (Adjusted),2016
0.268602832,CD Single,Value (Adjusted),2016
,Cassette,Value (Adjusted),2016
,Cassette Single,Value (Adjusted),2016
363.0029404,LP/EP,Value (Adjusted),2016
4.984982605,Vinyl Single,Value (Adjusted),2016
,8 - Track,Value (Adjusted),2016
,Other Tapes,Value (Adjusted),2016
58.13566171,Music Video (Physical),Value (Adjusted),2016
2.896416855,DVD Audio,Value (Adjusted),2016
1.232713379,SACD,Value (Adjusted),2016
891.4887156,Download Single,Value (Adjusted),2016
836.240279,Download Album,Value (Adjusted),2016
2.834117338,Kiosk,Value (Adjusted),2016
4.40181828,Download Music Video,Value (Adjusted),2016
52.12120513,Ringtones & Ringbacks,Value (Adjusted),2016
17.50718537,Other Digital,Value (Adjusted),2016
2291.962436,Paid Subscription,Value (Adjusted),2016
268.9745869,Limited Tier Paid Subscription,Value (Adjusted),2016
902.7302037,SoundExchange Distributions,Value (Adjusted),2016
499.8034864,On-Demand Streaming (Ad-Supported),Value (Adjusted),2016
82.9921474,Other Ad-Supported Streaming,Value (Adjusted),2016
208.789169,Synchronization,Value (Adjusted),2016
87.559,CD,Units,2017
0.128,CD Single,Units,2017
,Cassette,Units,2017
,Cassette Single,Units,2017
15.556,LP/EP,Units,2017
0.403,Vinyl Single,Units,2017
,8 - Track,Units,2017
,Other Tapes,Units,2017
1.877,Music Video (Physical),Units,2017
0.061,DVD Audio,Units,2017
0.033,SACD,Units,2017
553.516,Download Single,Units,2017
66.386,Download Album,Units,2017
1.322,Kiosk,Units,2017
1.4,Download Music Video,Units,2017
14.263,Ringtones & Ringbacks,Units,2017
,,Units,2017
35.27,Paid Subscriptions,Units,2017
1057.323,CD,Value,2017
1.462,CD Single,Value,2017
,Cassette,Value,2017
,Cassette Single,Value,2017
388.511,LP/EP,Value,2017
6.078,Vinyl Single,Value,2017
,8 - Track,Value,2017
,Other Tapes,Value,2017
38.619,Music Video (Physical),Value,2017
2.607,DVD Audio,Value,2017
0.851,SACD,Value,2017
650.816,Download Single,Value,2017
623.687,Download Album,Value,2017
2.292,Kiosk,Value,2017
2.859,Download Music Video,Value,2017
34.198,Ringtones & Ringbacks,Value,2017
16.885,Other Digital,Value,2017
3500.55,Paid Subscription,Value,2017
591.601,Limited Tier Paid Subscription,Value,2017
652,SoundExchange Distributions,Value,2017
658.606,On-Demand Streaming (Ad-Supported),Value,2017
261.787,Other Ad-Supported Streaming,Value,2017
232.087,Synchronization,Value,2017
1057.323,CD,Value (Adjusted),2017
1.462,CD Single,Value (Adjusted),2017
,Cassette,Value (Adjusted),2017
,Cassette Single,Value (Adjusted),2017
388.511,LP/EP,Value (Adjusted),2017
6.078,Vinyl Single,Value (Adjusted),2017
,8 - Track,Value (Adjusted),2017
,Other Tapes,Value (Adjusted),2017
38.619,Music Video (Physical),Value (Adjusted),2017
2.607,DVD Audio,Value (Adjusted),2017
0.851,SACD,Value (Adjusted),2017
650.816,Download Single,Value (Adjusted),2017
623.687,Download Album,Value (Adjusted),2017
2.292,Kiosk,Value (Adjusted),2017
2.859,Download Music Video,Value (Adjusted),2017
34.198,Ringtones & Ringbacks,Value (Adjusted),2017
16.885,Other Digital,Value (Adjusted),2017
3500.55,Paid Subscription,Value (Adjusted),2017
591.601,Limited Tier Paid Subscription,Value (Adjusted),2017
652,SoundExchange Distributions,Value (Adjusted),2017
658.606,On-Demand Streaming (Ad-Supported),Value (Adjusted),2017
261.787,Other Ad-Supported Streaming,Value (Adjusted),2017
232.087,Synchronization,Value (Adjusted),2017